"Object_ID,Provinsi,Tanggal,Kasus_Terkonfirmasi_Akumulatif,Penambahan_Harian_Kasus_Terkonf,Kasus_Sembuh_Akumulatif,Penambahan_Harian_Kasus_Sembuh,Kasus_Meninggal_Akumulatif,Penambahan_Harian_Kasus_Meningg,Kasus_Aktif_Akumulatif,CFR_Harian,RI_Harian,FID,ObjectId"
"1,Aceh,2020/03/02 00:00:00+00,0,0,0,0,0,0,0,#DIV/0!,#DIV/0!,1,3572"
"2,Bali,2020/03/02 00:00:00+00,0,0,0,0,0,0,0,#DIV/0!,#DIV/0!,2,3573"
"3,Banten,2020/03/02 00:00:00+00,0,0,0,0,0,0,0,#DIV/0!,#DIV/0!,3,3574"
"4,Kepulauan Bangka Belitung,2020/03/02 00:00:00+00,0,0,0,0,0,0,0,#DIV/0!,#DIV/0!,4,3575"
"5,Bengkulu,2020/03/02 00:00:00+00,0,0,0,0,0,0,0,#DIV/0!,#DIV/0!,5,3576"
"6,Daerah Istimewa Yogyakarta,2020/03/02 00:00:00+00,0,0,0,0,0,0,0,#DIV/0!,#DIV/0!,6,3577"
"7,DKI Jakarta,2020/03/02 00:00:00+00,2,0,0,0,0,0,2,0.00000,0.00000,7,3578"
"8,Jambi,2020/03/02 00:00:00+00,0,0,0,0,0,0,0,#DIV/0!,#DIV/0!,8,3579"
"9,Jawa Barat,2020/03/02 00:00:00+00,0,0,0,0,0,0,0,#DIV/0!,#DIV/0!,9,3580"
"10,Jawa Tengah,2020/03/02 00:00:00+00,0,0,0,0,0,0,0,#DIV/0!,#DIV/0!,10,3581"
"11,Jawa Timur,2020/03/02 00:00:00+00,0,0,0,0,0,0,0,#DIV/0!,#DIV/0!,11,3582"
"12,Kalimantan Barat,2020/03/02 00:00:00+00,0,0,0,0,0,0,0,#DIV/0!,#DIV/0!,12,3583"
"13,Kalimantan Timur,2020/03/02 00:00:00+00,0,0,0,0,0,0,0,#DIV/0!,#DIV/0!,13,3584"
"14,Kalimantan Tengah,2020/03/02 00:00:00+00,0,0,0,0,0,0,0,#DIV/0!,#DIV/0!,14,3585"
"15,Kalimantan Selatan,2020/03/02 00:00:00+00,0,0,0,0,0,0,0,#DIV/0!,#DIV/0!,15,3586"
"16,Kalimantan Utara,2020/03/02 00:00:00+00,0,0,0,0,0,0,0,#DIV/0!,#DIV/0!,16,3587"
"17,Kepulauan Riau,2020/03/02 00:00:00+00,0,0,0,0,0,0,0,#DIV/0!,#DIV/0!,17,3588"
"18,Nusa Tenggara Barat,2020/03/02 00:00:00+00,0,0,0,0,0,0,0,#DIV/0!,#DIV/0!,18,3589"
"19,Sumatera Selatan,2020/03/02 00:00:00+00,0,0,0,0,0,0,0,#DIV/0!,#DIV/0!,19,3590"
"20,Sumatera Barat,2020/03/02 00:00:00+00,0,0,0,0,0,0,0,#DIV/0!,#DIV/0!,20,3591"
"21,Sulawesi Utara,2020/03/02 00:00:00+00,0,0,0,0,0,0,0,#DIV/0!,#DIV/0!,21,3592"
"22,Sumatera Utara,2020/03/02 00:00:00+00,0,0,0,0,0,0,0,#DIV/0!,#DIV/0!,22,3593"
"23,Sulawesi Tenggara,2020/03/02 00:00:00+00,0,0,0,0,0,0,0,#DIV/0!,#DIV/0!,23,3594"
"24,Sulawesi Selatan,2020/03/02 00:00:00+00,0,0,0,0,0,0,0,#DIV/0!,#DIV/0!,24,3595"
"25,Sulawesi Tengah,2020/03/02 00:00:00+00,0,0,0,0,0,0,0,#DIV/0!,#DIV/0!,25,3596"
"26,Lampung,2020/03/02 00:00:00+00,0,0,0,0,0,0,0,#DIV/0!,#DIV/0!,26,3597"
"27,Riau,2020/03/02 00:00:00+00,0,0,0,0,0,0,0,#DIV/0!,#DIV/0!,27,3598"
"28,Maluku Utara,2020/03/02 00:00:00+00,0,0,0,0,0,0,0,#DIV/0!,#DIV/0!,28,3599"
"29,Maluku,2020/03/02 00:00:00+00,0,0,0,0,0,0,0,#DIV/0!,#DIV/0!,29,3600"
"30,Papua Barat,2020/03/02 00:00:00+00,0,0,0,0,0,0,0,#DIV/0!,#DIV/0!,30,3601"
"31,Papua,2020/03/02 00:00:00+00,0,0,0,0,0,0,0,#DIV/0!,#DIV/0!,31,3602"
"32,Sulawesi Barat,2020/03/02 00:00:00+00,0,0,0,0,0,0,0,#DIV/0!,#DIV/0!,32,3603"
"33,Nusa Tenggara Timur,2020/03/02 00:00:00+00,0,0,0,0,0,0,0,#DIV/0!,#DIV/0!,33,3604"
"34,Gorontalo,2020/03/02 00:00:00+00,0,0,0,0,0,0,0,#DIV/0!,#DIV/0!,34,3605"
"35,Indonesia,2020/03/02 00:00:00+00,0,0,0,0,0,0,0,#DIV/0!,#DIV/0!,35,3606"
"36,Aceh,2020/03/03 00:00:00+00,0,0,0,0,0,0,0,#DIV/0!,#DIV/0!,36,3607"
"37,Bali,2020/03/03 00:00:00+00,0,0,0,0,0,0,0,#DIV/0!,#DIV/0!,37,3608"
"38,Banten,2020/03/03 00:00:00+00,0,0,0,0,0,0,0,#DIV/0!,#DIV/0!,38,3609"
"39,Kepulauan Bangka Belitung,2020/03/03 00:00:00+00,0,0,0,0,0,0,0,#DIV/0!,#DIV/0!,39,3610"
"40,Bengkulu,2020/03/03 00:00:00+00,0,0,0,0,0,0,0,#DIV/0!,#DIV/0!,40,3611"
"41,Daerah Istimewa Yogyakarta,2020/03/03 00:00:00+00,0,0,0,0,0,0,0,#DIV/0!,#DIV/0!,41,3612"
"42,DKI Jakarta,2020/03/03 00:00:00+00,2,0,0,0,0,0,2,0.00000,0.00000,42,3613"
"43,Jambi,2020/03/03 00:00:00+00,0,0,0,0,0,0,0,#DIV/0!,#DIV/0!,43,3614"
"44,Jawa Barat,2020/03/03 00:00:00+00,0,0,0,0,0,0,0,#DIV/0!,#DIV/0!,44,3615"
"45,Jawa Tengah,2020/03/03 00:00:00+00,0,0,0,0,0,0,0,#DIV/0!,#DIV/0!,45,3616"
"46,Jawa Timur,2020/03/03 00:00:00+00,0,0,0,0,0,0,0,#DIV/0!,#DIV/0!,46,3617"
"47,Kalimantan Barat,2020/03/03 00:00:00+00,0,0,0,0,0,0,0,#DIV/0!,#DIV/0!,47,3618"
"48,Kalimantan Timur,2020/03/03 00:00:00+00,0,0,0,0,0,0,0,#DIV/0!,#DIV/0!,48,3619"
"49,Kalimantan Tengah,2020/03/03 00:00:00+00,0,0,0,0,0,0,0,#DIV/0!,#DIV/0!,49,3620"
"50,Kalimantan Selatan,2020/03/03 00:00:00+00,0,0,0,0,0,0,0,#DIV/0!,#DIV/0!,50,3621"
"51,Kalimantan Utara,2020/03/03 00:00:00+00,0,0,0,0,0,0,0,#DIV/0!,#DIV/0!,51,3622"
"52,Kepulauan Riau,2020/03/03 00:00:00+00,0,0,0,0,0,0,0,#DIV/0!,#DIV/0!,52,3623"
"53,Nusa Tenggara Barat,2020/03/03 00:00:00+00,0,0,0,0,0,0,0,#DIV/0!,#DIV/0!,53,3624"
"54,Sumatera Selatan,2020/03/03 00:00:00+00,0,0,0,0,0,0,0,#DIV/0!,#DIV/0!,54,3625"
"55,Sumatera Barat,2020/03/03 00:00:00+00,0,0,0,0,0,0,0,#DIV/0!,#DIV/0!,55,3626"
"56,Sulawesi Utara,2020/03/03 00:00:00+00,0,0,0,0,0,0,0,#DIV/0!,#DIV/0!,56,3627"
"57,Sumatera Utara,2020/03/03 00:00:00+00,0,0,0,0,0,0,0,#DIV/0!,#DIV/0!,57,3628"
"58,Sulawesi Tenggara,2020/03/03 00:00:00+00,0,0,0,0,0,0,0,#DIV/0!,#DIV/0!,58,3629"
"59,Sulawesi Selatan,2020/03/03 00:00:00+00,0,0,0,0,0,0,0,#DIV/0!,#DIV/0!,59,3630"
"60,Sulawesi Tengah,2020/03/03 00:00:00+00,0,0,0,0,0,0,0,#DIV/0!,#DIV/0!,60,3631"
"61,Lampung,2020/03/03 00:00:00+00,0,0,0,0,0,0,0,#DIV/0!,#DIV/0!,61,3632"
"62,Riau,2020/03/03 00:00:00+00,0,0,0,0,0,0,0,#DIV/0!,#DIV/0!,62,3633"
"63,Maluku Utara,2020/03/03 00:00:00+00,0,0,0,0,0,0,0,#DIV/0!,#DIV/0!,63,3634"
"64,Maluku,2020/03/03 00:00:00+00,0,0,0,0,0,0,0,#DIV/0!,#DIV/0!,64,3635"
"65,Papua Barat,2020/03/03 00:00:00+00,0,0,0,0,0,0,0,#DIV/0!,#DIV/0!,65,3636"
"66,Papua,2020/03/03 00:00:00+00,0,0,0,0,0,0,0,#DIV/0!,#DIV/0!,66,3637"
"67,Sulawesi Barat,2020/03/03 00:00:00+00,0,0,0,0,0,0,0,#DIV/0!,#DIV/0!,67,3638"
"68,Nusa Tenggara Timur,2020/03/03 00:00:00+00,0,0,0,0,0,0,0,#DIV/0!,#DIV/0!,68,3639"
"69,Gorontalo,2020/03/03 00:00:00+00,0,0,0,0,0,0,0,#DIV/0!,#DIV/0!,69,3640"
"70,Indonesia,2020/03/03 00:00:00+00,0,0,0,0,0,0,0,#DIV/0!,#DIV/0!,70,3641"
"71,Aceh,2020/03/04 00:00:00+00,0,0,0,0,0,0,0,#DIV/0!,#DIV/0!,71,3642"
"72,Bali,2020/03/04 00:00:00+00,0,0,0,0,0,0,0,#DIV/0!,#DIV/0!,72,3643"
"73,Banten,2020/03/04 00:00:00+00,0,0,0,0,0,0,0,#DIV/0!,#DIV/0!,73,3644"
"74,Kepulauan Bangka Belitung,2020/03/04 00:00:00+00,0,0,0,0,0,0,0,#DIV/0!,#DIV/0!,74,3645"
"75,Bengkulu,2020/03/04 00:00:00+00,0,0,0,0,0,0,0,#DIV/0!,#DIV/0!,75,3646"
"76,Daerah Istimewa Yogyakarta,2020/03/04 00:00:00+00,0,0,0,0,0,0,0,#DIV/0!,#DIV/0!,76,3647"
"77,DKI Jakarta,2020/03/04 00:00:00+00,2,0,0,0,0,0,2,0.00000,0.00000,77,3648"
"78,Jambi,2020/03/04 00:00:00+00,0,0,0,0,0,0,0,#DIV/0!,#DIV/0!,78,3649"
"79,Jawa Barat,2020/03/04 00:00:00+00,0,0,0,0,0,0,0,#DIV/0!,#DIV/0!,79,3650"
"80,Jawa Tengah,2020/03/04 00:00:00+00,0,0,0,0,0,0,0,#DIV/0!,#DIV/0!,80,3651"
"81,Jawa Timur,2020/03/04 00:00:00+00,0,0,0,0,0,0,0,#DIV/0!,#DIV/0!,81,3652"
"82,Kalimantan Barat,2020/03/04 00:00:00+00,0,0,0,0,0,0,0,#DIV/0!,#DIV/0!,82,3653"
"83,Kalimantan Timur,2020/03/04 00:00:00+00,0,0,0,0,0,0,0,#DIV/0!,#DIV/0!,83,3654"
"84,Kalimantan Tengah,2020/03/04 00:00:00+00,0,0,0,0,0,0,0,#DIV/0!,#DIV/0!,84,3655"
"85,Kalimantan Selatan,2020/03/04 00:00:00+00,0,0,0,0,0,0,0,#DIV/0!,#DIV/0!,85,3656"
"86,Kalimantan Utara,2020/03/04 00:00:00+00,0,0,0,0,0,0,0,#DIV/0!,#DIV/0!,86,3657"
"87,Kepulauan Riau,2020/03/04 00:00:00+00,0,0,0,0,0,0,0,#DIV/0!,#DIV/0!,87,3658"
"88,Nusa Tenggara Barat,2020/03/04 00:00:00+00,0,0,0,0,0,0,0,#DIV/0!,#DIV/0!,88,3659"
"89,Sumatera Selatan,2020/03/04 00:00:00+00,0,0,0,0,0,0,0,#DIV/0!,#DIV/0!,89,3660"
"90,Sumatera Barat,2020/03/04 00:00:00+00,0,0,0,0,0,0,0,#DIV/0!,#DIV/0!,90,3661"
"91,Sulawesi Utara,2020/03/04 00:00:00+00,0,0,0,0,0,0,0,#DIV/0!,#DIV/0!,91,3662"
"92,Sumatera Utara,2020/03/04 00:00:00+00,0,0,0,0,0,0,0,#DIV/0!,#DIV/0!,92,3663"
"93,Sulawesi Tenggara,2020/03/04 00:00:00+00,0,0,0,0,0,0,0,#DIV/0!,#DIV/0!,93,3664"
"94,Sulawesi Selatan,2020/03/04 00:00:00+00,0,0,0,0,0,0,0,#DIV/0!,#DIV/0!,94,3665"
"95,Sulawesi Tengah,2020/03/04 00:00:00+00,0,0,0,0,0,0,0,#DIV/0!,#DIV/0!,95,3666"
"96,Lampung,2020/03/04 00:00:00+00,0,0,0,0,0,0,0,#DIV/0!,#DIV/0!,96,3667"
"97,Riau,2020/03/04 00:00:00+00,0,0,0,0,0,0,0,#DIV/0!,#DIV/0!,97,3668"
"98,Maluku Utara,2020/03/04 00:00:00+00,0,0,0,0,0,0,0,#DIV/0!,#DIV/0!,98,3669"
"99,Maluku,2020/03/04 00:00:00+00,0,0,0,0,0,0,0,#DIV/0!,#DIV/0!,99,3670"
"100,Papua Barat,2020/03/04 00:00:00+00,0,0,0,0,0,0,0,#DIV/0!,#DIV/0!,100,3671"
"101,Papua,2020/03/04 00:00:00+00,0,0,0,0,0,0,0,#DIV/0!,#DIV/0!,101,3672"
"102,Sulawesi Barat,2020/03/04 00:00:00+00,0,0,0,0,0,0,0,#DIV/0!,#DIV/0!,102,3673"
"103,Nusa Tenggara Timur,2020/03/04 00:00:00+00,0,0,0,0,0,0,0,#DIV/0!,#DIV/0!,103,3674"
"104,Gorontalo,2020/03/04 00:00:00+00,0,0,0,0,0,0,0,#DIV/0!,#DIV/0!,104,3675"
"105,Indonesia,2020/03/04 00:00:00+00,0,0,0,0,0,0,0,#DIV/0!,#DIV/0!,105,3676"
"106,Aceh,2020/03/05 00:00:00+00,0,0,0,0,0,0,0,#DIV/0!,#DIV/0!,106,3677"
"107,Bali,2020/03/05 00:00:00+00,0,0,0,0,0,0,0,#DIV/0!,#DIV/0!,107,3678"
"108,Banten,2020/03/05 00:00:00+00,0,0,0,0,0,0,0,#DIV/0!,#DIV/0!,108,3679"
"109,Kepulauan Bangka Belitung,2020/03/05 00:00:00+00,0,0,0,0,0,0,0,#DIV/0!,#DIV/0!,109,3680"
"110,Bengkulu,2020/03/05 00:00:00+00,0,0,0,0,0,0,0,#DIV/0!,#DIV/0!,110,3681"
"111,Daerah Istimewa Yogyakarta,2020/03/05 00:00:00+00,0,0,0,0,0,0,0,#DIV/0!,#DIV/0!,111,3682"
"112,DKI Jakarta,2020/03/05 00:00:00+00,2,0,0,0,0,0,2,0.00000,0.00000,112,3683"
"113,Jambi,2020/03/05 00:00:00+00,0,0,0,0,0,0,0,#DIV/0!,#DIV/0!,113,3684"
"114,Jawa Barat,2020/03/05 00:00:00+00,0,0,0,0,0,0,0,#DIV/0!,#DIV/0!,114,3685"
"115,Jawa Tengah,2020/03/05 00:00:00+00,0,0,0,0,0,0,0,#DIV/0!,#DIV/0!,115,3686"
"116,Jawa Timur,2020/03/05 00:00:00+00,0,0,0,0,0,0,0,#DIV/0!,#DIV/0!,116,3687"
"117,Kalimantan Barat,2020/03/05 00:00:00+00,0,0,0,0,0,0,0,#DIV/0!,#DIV/0!,117,3688"
"118,Kalimantan Timur,2020/03/05 00:00:00+00,0,0,0,0,0,0,0,#DIV/0!,#DIV/0!,118,3689"
"119,Kalimantan Tengah,2020/03/05 00:00:00+00,0,0,0,0,0,0,0,#DIV/0!,#DIV/0!,119,3690"
"120,Kalimantan Selatan,2020/03/05 00:00:00+00,0,0,0,0,0,0,0,#DIV/0!,#DIV/0!,120,3691"
"121,Kalimantan Utara,2020/03/05 00:00:00+00,0,0,0,0,0,0,0,#DIV/0!,#DIV/0!,121,3692"
"122,Kepulauan Riau,2020/03/05 00:00:00+00,0,0,0,0,0,0,0,#DIV/0!,#DIV/0!,122,3693"
"123,Nusa Tenggara Barat,2020/03/05 00:00:00+00,0,0,0,0,0,0,0,#DIV/0!,#DIV/0!,123,3694"
"124,Sumatera Selatan,2020/03/05 00:00:00+00,0,0,0,0,0,0,0,#DIV/0!,#DIV/0!,124,3695"
"125,Sumatera Barat,2020/03/05 00:00:00+00,0,0,0,0,0,0,0,#DIV/0!,#DIV/0!,125,3696"
"126,Sulawesi Utara,2020/03/05 00:00:00+00,0,0,0,0,0,0,0,#DIV/0!,#DIV/0!,126,3697"
"127,Sumatera Utara,2020/03/05 00:00:00+00,0,0,0,0,0,0,0,#DIV/0!,#DIV/0!,127,3698"
"128,Sulawesi Tenggara,2020/03/05 00:00:00+00,0,0,0,0,0,0,0,#DIV/0!,#DIV/0!,128,3699"
"129,Sulawesi Selatan,2020/03/05 00:00:00+00,0,0,0,0,0,0,0,#DIV/0!,#DIV/0!,129,3700"
"130,Sulawesi Tengah,2020/03/05 00:00:00+00,0,0,0,0,0,0,0,#DIV/0!,#DIV/0!,130,3701"
"131,Lampung,2020/03/05 00:00:00+00,0,0,0,0,0,0,0,#DIV/0!,#DIV/0!,131,3702"
"132,Riau,2020/03/05 00:00:00+00,0,0,0,0,0,0,0,#DIV/0!,#DIV/0!,132,3703"
"133,Maluku Utara,2020/03/05 00:00:00+00,0,0,0,0,0,0,0,#DIV/0!,#DIV/0!,133,3704"
"134,Maluku,2020/03/05 00:00:00+00,0,0,0,0,0,0,0,#DIV/0!,#DIV/0!,134,3705"
"135,Papua Barat,2020/03/05 00:00:00+00,0,0,0,0,0,0,0,#DIV/0!,#DIV/0!,135,3706"
"136,Papua,2020/03/05 00:00:00+00,0,0,0,0,0,0,0,#DIV/0!,#DIV/0!,136,3707"
"137,Sulawesi Barat,2020/03/05 00:00:00+00,0,0,0,0,0,0,0,#DIV/0!,#DIV/0!,137,3708"
"138,Nusa Tenggara Timur,2020/03/05 00:00:00+00,0,0,0,0,0,0,0,#DIV/0!,#DIV/0!,138,3709"
"139,Gorontalo,2020/03/05 00:00:00+00,0,0,0,0,0,0,0,#DIV/0!,#DIV/0!,139,3710"
"140,Indonesia,2020/03/05 00:00:00+00,0,0,0,0,0,0,0,#DIV/0!,#DIV/0!,140,3711"
"141,Aceh,2020/03/06 00:00:00+00,0,0,0,0,0,0,0,#DIV/0!,#DIV/0!,141,3712"
"142,Bali,2020/03/06 00:00:00+00,0,0,0,0,0,0,0,#DIV/0!,#DIV/0!,142,3713"
"143,Banten,2020/03/06 00:00:00+00,0,0,0,0,0,0,0,#DIV/0!,#DIV/0!,143,3714"
"144,Kepulauan Bangka Belitung,2020/03/06 00:00:00+00,0,0,0,0,0,0,0,#DIV/0!,#DIV/0!,144,3715"
"145,Bengkulu,2020/03/06 00:00:00+00,0,0,0,0,0,0,0,#DIV/0!,#DIV/0!,145,3716"
"146,Daerah Istimewa Yogyakarta,2020/03/06 00:00:00+00,0,0,0,0,0,0,0,#DIV/0!,#DIV/0!,146,3717"
"147,DKI Jakarta,2020/03/06 00:00:00+00,4,2,0,0,0,0,4,0.00000,0.00000,147,3718"
"148,Jambi,2020/03/06 00:00:00+00,0,0,0,0,0,0,0,#DIV/0!,#DIV/0!,148,3719"
"149,Jawa Barat,2020/03/06 00:00:00+00,0,0,0,0,0,0,0,#DIV/0!,#DIV/0!,149,3720"
"150,Jawa Tengah,2020/03/06 00:00:00+00,0,0,0,0,0,0,0,#DIV/0!,#DIV/0!,150,3721"
"151,Jawa Timur,2020/03/06 00:00:00+00,0,0,0,0,0,0,0,#DIV/0!,#DIV/0!,151,3722"
"152,Kalimantan Barat,2020/03/06 00:00:00+00,0,0,0,0,0,0,0,#DIV/0!,#DIV/0!,152,3723"
"153,Kalimantan Timur,2020/03/06 00:00:00+00,0,0,0,0,0,0,0,#DIV/0!,#DIV/0!,153,3724"
"154,Kalimantan Tengah,2020/03/06 00:00:00+00,0,0,0,0,0,0,0,#DIV/0!,#DIV/0!,154,3725"
"155,Kalimantan Selatan,2020/03/06 00:00:00+00,0,0,0,0,0,0,0,#DIV/0!,#DIV/0!,155,3726"
"156,Kalimantan Utara,2020/03/06 00:00:00+00,0,0,0,0,0,0,0,#DIV/0!,#DIV/0!,156,3727"
"157,Kepulauan Riau,2020/03/06 00:00:00+00,0,0,0,0,0,0,0,#DIV/0!,#DIV/0!,157,3728"
"158,Nusa Tenggara Barat,2020/03/06 00:00:00+00,0,0,0,0,0,0,0,#DIV/0!,#DIV/0!,158,3729"
"159,Sumatera Selatan,2020/03/06 00:00:00+00,0,0,0,0,0,0,0,#DIV/0!,#DIV/0!,159,3730"
"160,Sumatera Barat,2020/03/06 00:00:00+00,0,0,0,0,0,0,0,#DIV/0!,#DIV/0!,160,3731"
"161,Sulawesi Utara,2020/03/06 00:00:00+00,0,0,0,0,0,0,0,#DIV/0!,#DIV/0!,161,3732"
"162,Sumatera Utara,2020/03/06 00:00:00+00,0,0,0,0,0,0,0,#DIV/0!,#DIV/0!,162,3733"
"163,Sulawesi Tenggara,2020/03/06 00:00:00+00,0,0,0,0,0,0,0,#DIV/0!,#DIV/0!,163,3734"
"164,Sulawesi Selatan,2020/03/06 00:00:00+00,0,0,0,0,0,0,0,#DIV/0!,#DIV/0!,164,3735"
"165,Sulawesi Tengah,2020/03/06 00:00:00+00,0,0,0,0,0,0,0,#DIV/0!,#DIV/0!,165,3736"
"166,Lampung,2020/03/06 00:00:00+00,0,0,0,0,0,0,0,#DIV/0!,#DIV/0!,166,3737"
"167,Riau,2020/03/06 00:00:00+00,0,0,0,0,0,0,0,#DIV/0!,#DIV/0!,167,3738"
"168,Maluku Utara,2020/03/06 00:00:00+00,0,0,0,0,0,0,0,#DIV/0!,#DIV/0!,168,3739"
"169,Maluku,2020/03/06 00:00:00+00,0,0,0,0,0,0,0,#DIV/0!,#DIV/0!,169,3740"
"170,Papua Barat,2020/03/06 00:00:00+00,0,0,0,0,0,0,0,#DIV/0!,#DIV/0!,170,3741"
"171,Papua,2020/03/06 00:00:00+00,0,0,0,0,0,0,0,#DIV/0!,#DIV/0!,171,3742"
"172,Sulawesi Barat,2020/03/06 00:00:00+00,0,0,0,0,0,0,0,#DIV/0!,#DIV/0!,172,3743"
"173,Nusa Tenggara Timur,2020/03/06 00:00:00+00,0,0,0,0,0,0,0,#DIV/0!,#DIV/0!,173,3744"
"174,Gorontalo,2020/03/06 00:00:00+00,0,0,0,0,0,0,0,#DIV/0!,#DIV/0!,174,3745"
"175,Indonesia,2020/03/06 00:00:00+00,0,0,0,0,0,0,0,#DIV/0!,#DIV/0!,175,3746"
"176,Aceh,2020/03/07 00:00:00+00,0,0,0,0,0,0,0,#DIV/0!,#DIV/0!,176,3747"
"177,Bali,2020/03/07 00:00:00+00,0,0,0,0,0,0,0,#DIV/0!,#DIV/0!,177,3748"
"178,Banten,2020/03/07 00:00:00+00,0,0,0,0,0,0,0,#DIV/0!,#DIV/0!,178,3749"
"179,Kepulauan Bangka Belitung,2020/03/07 00:00:00+00,0,0,0,0,0,0,0,#DIV/0!,#DIV/0!,179,3750"
"180,Bengkulu,2020/03/07 00:00:00+00,0,0,0,0,0,0,0,#DIV/0!,#DIV/0!,180,3751"
"181,Daerah Istimewa Yogyakarta,2020/03/07 00:00:00+00,0,0,0,0,0,0,0,#DIV/0!,#DIV/0!,181,3752"
"182,DKI Jakarta,2020/03/07 00:00:00+00,4,0,0,0,0,0,4,0.00000,0.00000,182,3753"
"183,Jambi,2020/03/07 00:00:00+00,0,0,0,0,0,0,0,#DIV/0!,#DIV/0!,183,3754"
"184,Jawa Barat,2020/03/07 00:00:00+00,0,0,0,0,0,0,0,#DIV/0!,#DIV/0!,184,3755"
"185,Jawa Tengah,2020/03/07 00:00:00+00,0,0,0,0,0,0,0,#DIV/0!,#DIV/0!,185,3756"
"186,Jawa Timur,2020/03/07 00:00:00+00,0,0,0,0,0,0,0,#DIV/0!,#DIV/0!,186,3757"
"187,Kalimantan Barat,2020/03/07 00:00:00+00,0,0,0,0,0,0,0,#DIV/0!,#DIV/0!,187,3758"
"188,Kalimantan Timur,2020/03/07 00:00:00+00,0,0,0,0,0,0,0,#DIV/0!,#DIV/0!,188,3759"
"189,Kalimantan Tengah,2020/03/07 00:00:00+00,0,0,0,0,0,0,0,#DIV/0!,#DIV/0!,189,3760"
"190,Kalimantan Selatan,2020/03/07 00:00:00+00,0,0,0,0,0,0,0,#DIV/0!,#DIV/0!,190,3761"
"191,Kalimantan Utara,2020/03/07 00:00:00+00,0,0,0,0,0,0,0,#DIV/0!,#DIV/0!,191,3762"
"192,Kepulauan Riau,2020/03/07 00:00:00+00,0,0,0,0,0,0,0,#DIV/0!,#DIV/0!,192,3763"
"193,Nusa Tenggara Barat,2020/03/07 00:00:00+00,0,0,0,0,0,0,0,#DIV/0!,#DIV/0!,193,3764"
"194,Sumatera Selatan,2020/03/07 00:00:00+00,0,0,0,0,0,0,0,#DIV/0!,#DIV/0!,194,3765"
"195,Sumatera Barat,2020/03/07 00:00:00+00,0,0,0,0,0,0,0,#DIV/0!,#DIV/0!,195,3766"
"196,Sulawesi Utara,2020/03/07 00:00:00+00,0,0,0,0,0,0,0,#DIV/0!,#DIV/0!,196,3767"
"197,Sumatera Utara,2020/03/07 00:00:00+00,0,0,0,0,0,0,0,#DIV/0!,#DIV/0!,197,3768"
"198,Sulawesi Tenggara,2020/03/07 00:00:00+00,0,0,0,0,0,0,0,#DIV/0!,#DIV/0!,198,3769"
"199,Sulawesi Selatan,2020/03/07 00:00:00+00,0,0,0,0,0,0,0,#DIV/0!,#DIV/0!,199,3770"
"200,Sulawesi Tengah,2020/03/07 00:00:00+00,0,0,0,0,0,0,0,#DIV/0!,#DIV/0!,200,3771"
"201,Lampung,2020/03/07 00:00:00+00,0,0,0,0,0,0,0,#DIV/0!,#DIV/0!,201,3772"
"202,Riau,2020/03/07 00:00:00+00,0,0,0,0,0,0,0,#DIV/0!,#DIV/0!,202,3773"
"203,Maluku Utara,2020/03/07 00:00:00+00,0,0,0,0,0,0,0,#DIV/0!,#DIV/0!,203,3774"
"204,Maluku,2020/03/07 00:00:00+00,0,0,0,0,0,0,0,#DIV/0!,#DIV/0!,204,3775"
"205,Papua Barat,2020/03/07 00:00:00+00,0,0,0,0,0,0,0,#DIV/0!,#DIV/0!,205,3776"
"206,Papua,2020/03/07 00:00:00+00,0,0,0,0,0,0,0,#DIV/0!,#DIV/0!,206,3777"
"207,Sulawesi Barat,2020/03/07 00:00:00+00,0,0,0,0,0,0,0,#DIV/0!,#DIV/0!,207,3778"
"208,Nusa Tenggara Timur,2020/03/07 00:00:00+00,0,0,0,0,0,0,0,#DIV/0!,#DIV/0!,208,3779"
"209,Gorontalo,2020/03/07 00:00:00+00,0,0,0,0,0,0,0,#DIV/0!,#DIV/0!,209,3780"
"210,Indonesia,2020/03/07 00:00:00+00,0,0,0,0,0,0,0,#DIV/0!,#DIV/0!,210,3781"
"211,Aceh,2020/03/08 00:00:00+00,0,0,0,0,0,0,0,#DIV/0!,#DIV/0!,211,3782"
"212,Bali,2020/03/08 00:00:00+00,0,0,0,0,0,0,0,#DIV/0!,#DIV/0!,212,3783"
"213,Banten,2020/03/08 00:00:00+00,0,0,0,0,0,0,0,#DIV/0!,#DIV/0!,213,3784"
"214,Kepulauan Bangka Belitung,2020/03/08 00:00:00+00,0,0,0,0,0,0,0,#DIV/0!,#DIV/0!,214,3785"
"215,Bengkulu,2020/03/08 00:00:00+00,0,0,0,0,0,0,0,#DIV/0!,#DIV/0!,215,3786"
"216,Daerah Istimewa Yogyakarta,2020/03/08 00:00:00+00,0,0,0,0,0,0,0,#DIV/0!,#DIV/0!,216,3787"
"217,DKI Jakarta,2020/03/08 00:00:00+00,6,2,0,0,0,0,6,0.00000,0.00000,217,3788"
"218,Jambi,2020/03/08 00:00:00+00,0,0,0,0,0,0,0,#DIV/0!,#DIV/0!,218,3789"
"219,Jawa Barat,2020/03/08 00:00:00+00,0,0,0,0,0,0,0,#DIV/0!,#DIV/0!,219,3790"
"220,Jawa Tengah,2020/03/08 00:00:00+00,0,0,0,0,0,0,0,#DIV/0!,#DIV/0!,220,3791"
"221,Jawa Timur,2020/03/08 00:00:00+00,0,0,0,0,0,0,0,#DIV/0!,#DIV/0!,221,3792"
"222,Kalimantan Barat,2020/03/08 00:00:00+00,0,0,0,0,0,0,0,#DIV/0!,#DIV/0!,222,3793"
"223,Kalimantan Timur,2020/03/08 00:00:00+00,0,0,0,0,0,0,0,#DIV/0!,#DIV/0!,223,3794"
"224,Kalimantan Tengah,2020/03/08 00:00:00+00,0,0,0,0,0,0,0,#DIV/0!,#DIV/0!,224,3795"
"225,Kalimantan Selatan,2020/03/08 00:00:00+00,0,0,0,0,0,0,0,#DIV/0!,#DIV/0!,225,3796"
"226,Kalimantan Utara,2020/03/08 00:00:00+00,0,0,0,0,0,0,0,#DIV/0!,#DIV/0!,226,3797"
"227,Kepulauan Riau,2020/03/08 00:00:00+00,0,0,0,0,0,0,0,#DIV/0!,#DIV/0!,227,3798"
"228,Nusa Tenggara Barat,2020/03/08 00:00:00+00,0,0,0,0,0,0,0,#DIV/0!,#DIV/0!,228,3799"
"229,Sumatera Selatan,2020/03/08 00:00:00+00,0,0,0,0,0,0,0,#DIV/0!,#DIV/0!,229,3800"
"230,Sumatera Barat,2020/03/08 00:00:00+00,0,0,0,0,0,0,0,#DIV/0!,#DIV/0!,230,3801"
"231,Sulawesi Utara,2020/03/08 00:00:00+00,0,0,0,0,0,0,0,#DIV/0!,#DIV/0!,231,3802"
"232,Sumatera Utara,2020/03/08 00:00:00+00,0,0,0,0,0,0,0,#DIV/0!,#DIV/0!,232,3803"
"233,Sulawesi Tenggara,2020/03/08 00:00:00+00,0,0,0,0,0,0,0,#DIV/0!,#DIV/0!,233,3804"
"234,Sulawesi Selatan,2020/03/08 00:00:00+00,0,0,0,0,0,0,0,#DIV/0!,#DIV/0!,234,3805"
"235,Sulawesi Tengah,2020/03/08 00:00:00+00,0,0,0,0,0,0,0,#DIV/0!,#DIV/0!,235,3806"
"236,Lampung,2020/03/08 00:00:00+00,0,0,0,0,0,0,0,#DIV/0!,#DIV/0!,236,3807"
"237,Riau,2020/03/08 00:00:00+00,0,0,0,0,0,0,0,#DIV/0!,#DIV/0!,237,3808"
"238,Maluku Utara,2020/03/08 00:00:00+00,0,0,0,0,0,0,0,#DIV/0!,#DIV/0!,238,3809"
"239,Maluku,2020/03/08 00:00:00+00,0,0,0,0,0,0,0,#DIV/0!,#DIV/0!,239,3810"
"240,Papua Barat,2020/03/08 00:00:00+00,0,0,0,0,0,0,0,#DIV/0!,#DIV/0!,240,3811"
"241,Papua,2020/03/08 00:00:00+00,0,0,0,0,0,0,0,#DIV/0!,#DIV/0!,241,3812"
"242,Sulawesi Barat,2020/03/08 00:00:00+00,0,0,0,0,0,0,0,#DIV/0!,#DIV/0!,242,3813"
"243,Nusa Tenggara Timur,2020/03/08 00:00:00+00,0,0,0,0,0,0,0,#DIV/0!,#DIV/0!,243,3814"
"244,Gorontalo,2020/03/08 00:00:00+00,0,0,0,0,0,0,0,#DIV/0!,#DIV/0!,244,3815"
"245,Indonesia,2020/03/08 00:00:00+00,0,0,0,0,0,0,0,#DIV/0!,#DIV/0!,245,3816"
"246,Aceh,2020/03/09 00:00:00+00,0,0,0,0,0,0,0,#DIV/0!,#DIV/0!,246,3817"
"247,Bali,2020/03/09 00:00:00+00,0,0,0,0,0,0,0,#DIV/0!,#DIV/0!,247,3818"
"248,Banten,2020/03/09 00:00:00+00,1,1,0,0,0,0,1,0.00000,0.00000,248,3819"
"249,Kepulauan Bangka Belitung,2020/03/09 00:00:00+00,0,0,0,0,0,0,0,#DIV/0!,#DIV/0!,249,3820"
"250,Bengkulu,2020/03/09 00:00:00+00,0,0,0,0,0,0,0,#DIV/0!,#DIV/0!,250,3821"
"251,Daerah Istimewa Yogyakarta,2020/03/09 00:00:00+00,0,0,0,0,0,0,0,#DIV/0!,#DIV/0!,251,3822"
"252,DKI Jakarta,2020/03/09 00:00:00+00,16,10,0,0,0,0,16,0.00000,0.00000,252,3823"
"253,Jambi,2020/03/09 00:00:00+00,0,0,0,0,0,0,0,#DIV/0!,#DIV/0!,253,3824"
"254,Jawa Barat,2020/03/09 00:00:00+00,2,2,0,0,0,0,2,0.00000,0.00000,254,3825"
"255,Jawa Tengah,2020/03/09 00:00:00+00,0,0,0,0,0,0,0,#DIV/0!,#DIV/0!,255,3826"
"256,Jawa Timur,2020/03/09 00:00:00+00,0,0,0,0,0,0,0,#DIV/0!,#DIV/0!,256,3827"
"257,Kalimantan Barat,2020/03/09 00:00:00+00,0,0,0,0,0,0,0,#DIV/0!,#DIV/0!,257,3828"
"258,Kalimantan Timur,2020/03/09 00:00:00+00,0,0,0,0,0,0,0,#DIV/0!,#DIV/0!,258,3829"
"259,Kalimantan Tengah,2020/03/09 00:00:00+00,0,0,0,0,0,0,0,#DIV/0!,#DIV/0!,259,3830"
"260,Kalimantan Selatan,2020/03/09 00:00:00+00,0,0,0,0,0,0,0,#DIV/0!,#DIV/0!,260,3831"
"261,Kalimantan Utara,2020/03/09 00:00:00+00,0,0,0,0,0,0,0,#DIV/0!,#DIV/0!,261,3832"
"262,Kepulauan Riau,2020/03/09 00:00:00+00,0,0,0,0,0,0,0,#DIV/0!,#DIV/0!,262,3833"
"263,Nusa Tenggara Barat,2020/03/09 00:00:00+00,0,0,0,0,0,0,0,#DIV/0!,#DIV/0!,263,3834"
"264,Sumatera Selatan,2020/03/09 00:00:00+00,0,0,0,0,0,0,0,#DIV/0!,#DIV/0!,264,3835"
"265,Sumatera Barat,2020/03/09 00:00:00+00,0,0,0,0,0,0,0,#DIV/0!,#DIV/0!,265,3836"
"266,Sulawesi Utara,2020/03/09 00:00:00+00,0,0,0,0,0,0,0,#DIV/0!,#DIV/0!,266,3837"
"267,Sumatera Utara,2020/03/09 00:00:00+00,0,0,0,0,0,0,0,#DIV/0!,#DIV/0!,267,3838"
"268,Sulawesi Tenggara,2020/03/09 00:00:00+00,0,0,0,0,0,0,0,#DIV/0!,#DIV/0!,268,3839"
"269,Sulawesi Selatan,2020/03/09 00:00:00+00,0,0,0,0,0,0,0,#DIV/0!,#DIV/0!,269,3840"
"270,Sulawesi Tengah,2020/03/09 00:00:00+00,0,0,0,0,0,0,0,#DIV/0!,#DIV/0!,270,3841"
"271,Lampung,2020/03/09 00:00:00+00,0,0,0,0,0,0,0,#DIV/0!,#DIV/0!,271,3842"
"272,Riau,2020/03/09 00:00:00+00,0,0,0,0,0,0,0,#DIV/0!,#DIV/0!,272,3843"
"273,Maluku Utara,2020/03/09 00:00:00+00,0,0,0,0,0,0,0,#DIV/0!,#DIV/0!,273,3844"
"274,Maluku,2020/03/09 00:00:00+00,0,0,0,0,0,0,0,#DIV/0!,#DIV/0!,274,3845"
"275,Papua Barat,2020/03/09 00:00:00+00,0,0,0,0,0,0,0,#DIV/0!,#DIV/0!,275,3846"
"276,Papua,2020/03/09 00:00:00+00,0,0,0,0,0,0,0,#DIV/0!,#DIV/0!,276,3847"
"277,Sulawesi Barat,2020/03/09 00:00:00+00,0,0,0,0,0,0,0,#DIV/0!,#DIV/0!,277,3848"
"278,Nusa Tenggara Timur,2020/03/09 00:00:00+00,0,0,0,0,0,0,0,#DIV/0!,#DIV/0!,278,3849"
"279,Gorontalo,2020/03/09 00:00:00+00,0,0,0,0,0,0,0,#DIV/0!,#DIV/0!,279,3850"
"280,Indonesia,2020/03/09 00:00:00+00,0,0,0,0,0,0,0,#DIV/0!,#DIV/0!,280,3851"
"281,Aceh,2020/03/10 00:00:00+00,0,0,0,0,0,0,0,#DIV/0!,#DIV/0!,281,3852"
"282,Bali,2020/03/10 00:00:00+00,1,1,0,0,0,0,1,0.00000,0.00000,282,3853"
"283,Banten,2020/03/10 00:00:00+00,1,0,0,0,0,0,1,0.00000,0.00000,283,3854"
"284,Kepulauan Bangka Belitung,2020/03/10 00:00:00+00,0,0,0,0,0,0,0,#DIV/0!,#DIV/0!,284,3855"
"285,Bengkulu,2020/03/10 00:00:00+00,0,0,0,0,0,0,0,#DIV/0!,#DIV/0!,285,3856"
"286,Daerah Istimewa Yogyakarta,2020/03/10 00:00:00+00,0,0,0,0,0,0,0,#DIV/0!,#DIV/0!,286,3857"
"287,DKI Jakarta,2020/03/10 00:00:00+00,23,7,0,0,0,0,23,0.00000,0.00000,287,3858"
"288,Jambi,2020/03/10 00:00:00+00,0,0,0,0,0,0,0,#DIV/0!,#DIV/0!,288,3859"
"289,Jawa Barat,2020/03/10 00:00:00+00,2,0,0,0,0,0,2,0.00000,0.00000,289,3860"
"290,Jawa Tengah,2020/03/10 00:00:00+00,0,0,0,0,0,0,0,#DIV/0!,#DIV/0!,290,3861"
"291,Jawa Timur,2020/03/10 00:00:00+00,0,0,0,0,0,0,0,#DIV/0!,#DIV/0!,291,3862"
"292,Kalimantan Barat,2020/03/10 00:00:00+00,0,0,0,0,0,0,0,#DIV/0!,#DIV/0!,292,3863"
"293,Kalimantan Timur,2020/03/10 00:00:00+00,0,0,0,0,0,0,0,#DIV/0!,#DIV/0!,293,3864"
"294,Kalimantan Tengah,2020/03/10 00:00:00+00,0,0,0,0,0,0,0,#DIV/0!,#DIV/0!,294,3865"
"295,Kalimantan Selatan,2020/03/10 00:00:00+00,0,0,0,0,0,0,0,#DIV/0!,#DIV/0!,295,3866"
"296,Kalimantan Utara,2020/03/10 00:00:00+00,0,0,0,0,0,0,0,#DIV/0!,#DIV/0!,296,3867"
"297,Kepulauan Riau,2020/03/10 00:00:00+00,0,0,0,0,0,0,0,#DIV/0!,#DIV/0!,297,3868"
"298,Nusa Tenggara Barat,2020/03/10 00:00:00+00,0,0,0,0,0,0,0,#DIV/0!,#DIV/0!,298,3869"
"299,Sumatera Selatan,2020/03/10 00:00:00+00,0,0,0,0,0,0,0,#DIV/0!,#DIV/0!,299,3870"
"300,Sumatera Barat,2020/03/10 00:00:00+00,0,0,0,0,0,0,0,#DIV/0!,#DIV/0!,300,3871"
"301,Sulawesi Utara,2020/03/10 00:00:00+00,0,0,0,0,0,0,0,#DIV/0!,#DIV/0!,301,3872"
"302,Sumatera Utara,2020/03/10 00:00:00+00,0,0,0,0,0,0,0,#DIV/0!,#DIV/0!,302,3873"
"303,Sulawesi Tenggara,2020/03/10 00:00:00+00,0,0,0,0,0,0,0,#DIV/0!,#DIV/0!,303,3874"
"304,Sulawesi Selatan,2020/03/10 00:00:00+00,0,0,0,0,0,0,0,#DIV/0!,#DIV/0!,304,3875"
"305,Sulawesi Tengah,2020/03/10 00:00:00+00,0,0,0,0,0,0,0,#DIV/0!,#DIV/0!,305,3876"
"306,Lampung,2020/03/10 00:00:00+00,0,0,0,0,0,0,0,#DIV/0!,#DIV/0!,306,3877"
"307,Riau,2020/03/10 00:00:00+00,0,0,0,0,0,0,0,#DIV/0!,#DIV/0!,307,3878"
"308,Maluku Utara,2020/03/10 00:00:00+00,0,0,0,0,0,0,0,#DIV/0!,#DIV/0!,308,3879"
"309,Maluku,2020/03/10 00:00:00+00,0,0,0,0,0,0,0,#DIV/0!,#DIV/0!,309,3880"
"310,Papua Barat,2020/03/10 00:00:00+00,0,0,0,0,0,0,0,#DIV/0!,#DIV/0!,310,3881"
"311,Papua,2020/03/10 00:00:00+00,0,0,0,0,0,0,0,#DIV/0!,#DIV/0!,311,3882"
"312,Sulawesi Barat,2020/03/10 00:00:00+00,0,0,0,0,0,0,0,#DIV/0!,#DIV/0!,312,3883"
"313,Nusa Tenggara Timur,2020/03/10 00:00:00+00,0,0,0,0,0,0,0,#DIV/0!,#DIV/0!,313,3884"
"314,Gorontalo,2020/03/10 00:00:00+00,0,0,0,0,0,0,0,#DIV/0!,#DIV/0!,314,3885"
"315,Indonesia,2020/03/10 00:00:00+00,0,0,0,0,0,0,0,#DIV/0!,#DIV/0!,315,3886"
"316,Aceh,2020/03/11 00:00:00+00,0,0,0,0,0,0,0,#DIV/0!,#DIV/0!,316,3887"
"317,Bali,2020/03/11 00:00:00+00,1,0,0,0,1,1,0,100.00000,0.00000,317,3888"
"318,Banten,2020/03/11 00:00:00+00,1,0,0,0,0,0,1,0.00000,0.00000,318,3889"
"319,Kepulauan Bangka Belitung,2020/03/11 00:00:00+00,0,0,0,0,0,0,0,#DIV/0!,#DIV/0!,319,3890"
"320,Bengkulu,2020/03/11 00:00:00+00,0,0,0,0,0,0,0,#DIV/0!,#DIV/0!,320,3891"
"321,Daerah Istimewa Yogyakarta,2020/03/11 00:00:00+00,0,0,0,0,0,0,0,#DIV/0!,#DIV/0!,321,3892"
"322,DKI Jakarta,2020/03/11 00:00:00+00,29,6,2,2,0,0,27,0.00000,7.00000,322,3893"
"323,Jambi,2020/03/11 00:00:00+00,0,0,0,0,0,0,0,#DIV/0!,#DIV/0!,323,3894"
"324,Jawa Barat,2020/03/11 00:00:00+00,3,1,0,0,0,0,3,0.00000,0.00000,324,3895"
"325,Jawa Tengah,2020/03/11 00:00:00+00,0,0,0,0,0,0,0,#DIV/0!,#DIV/0!,325,3896"
"326,Jawa Timur,2020/03/11 00:00:00+00,0,0,0,0,0,0,0,#DIV/0!,#DIV/0!,326,3897"
"327,Kalimantan Barat,2020/03/11 00:00:00+00,0,0,0,0,0,0,0,#DIV/0!,#DIV/0!,327,3898"
"328,Kalimantan Timur,2020/03/11 00:00:00+00,0,0,0,0,0,0,0,#DIV/0!,#DIV/0!,328,3899"
"329,Kalimantan Tengah,2020/03/11 00:00:00+00,0,0,0,0,0,0,0,#DIV/0!,#DIV/0!,329,3900"
"330,Kalimantan Selatan,2020/03/11 00:00:00+00,0,0,0,0,0,0,0,#DIV/0!,#DIV/0!,330,3901"
"331,Kalimantan Utara,2020/03/11 00:00:00+00,0,0,0,0,0,0,0,#DIV/0!,#DIV/0!,331,3902"
"332,Kepulauan Riau,2020/03/11 00:00:00+00,0,0,0,0,0,0,0,#DIV/0!,#DIV/0!,332,3903"
"333,Nusa Tenggara Barat,2020/03/11 00:00:00+00,0,0,0,0,0,0,0,#DIV/0!,#DIV/0!,333,3904"
"334,Sumatera Selatan,2020/03/11 00:00:00+00,0,0,0,0,0,0,0,#DIV/0!,#DIV/0!,334,3905"
"335,Sumatera Barat,2020/03/11 00:00:00+00,0,0,0,0,0,0,0,#DIV/0!,#DIV/0!,335,3906"
"336,Sulawesi Utara,2020/03/11 00:00:00+00,0,0,0,0,0,0,0,#DIV/0!,#DIV/0!,336,3907"
"337,Sumatera Utara,2020/03/11 00:00:00+00,0,0,0,0,0,0,0,#DIV/0!,#DIV/0!,337,3908"
"338,Sulawesi Tenggara,2020/03/11 00:00:00+00,0,0,0,0,0,0,0,#DIV/0!,#DIV/0!,338,3909"
"339,Sulawesi Selatan,2020/03/11 00:00:00+00,0,0,0,0,0,0,0,#DIV/0!,#DIV/0!,339,3910"
"340,Sulawesi Tengah,2020/03/11 00:00:00+00,0,0,0,0,0,0,0,#DIV/0!,#DIV/0!,340,3911"
"341,Lampung,2020/03/11 00:00:00+00,0,0,0,0,0,0,0,#DIV/0!,#DIV/0!,341,3912"
"342,Riau,2020/03/11 00:00:00+00,0,0,0,0,0,0,0,#DIV/0!,#DIV/0!,342,3913"
"343,Maluku Utara,2020/03/11 00:00:00+00,0,0,0,0,0,0,0,#DIV/0!,#DIV/0!,343,3914"
"344,Maluku,2020/03/11 00:00:00+00,0,0,0,0,0,0,0,#DIV/0!,#DIV/0!,344,3915"
"345,Papua Barat,2020/03/11 00:00:00+00,0,0,0,0,0,0,0,#DIV/0!,#DIV/0!,345,3916"
"346,Papua,2020/03/11 00:00:00+00,0,0,0,0,0,0,0,#DIV/0!,#DIV/0!,346,3917"
"347,Sulawesi Barat,2020/03/11 00:00:00+00,0,0,0,0,0,0,0,#DIV/0!,#DIV/0!,347,3918"
"348,Nusa Tenggara Timur,2020/03/11 00:00:00+00,0,0,0,0,0,0,0,#DIV/0!,#DIV/0!,348,3919"
"349,Gorontalo,2020/03/11 00:00:00+00,0,0,0,0,0,0,0,#DIV/0!,#DIV/0!,349,3920"
"350,Indonesia,2020/03/11 00:00:00+00,0,0,0,0,0,0,0,#DIV/0!,#DIV/0!,350,3921"
"351,Aceh,2020/03/12 00:00:00+00,0,0,0,0,0,0,0,#DIV/0!,#DIV/0!,351,3922"
"352,Bali,2020/03/12 00:00:00+00,1,0,0,0,1,0,0,100.00000,0.00000,352,3923"
"353,Banten,2020/03/12 00:00:00+00,1,0,0,0,0,0,1,0.00000,0.00000,353,3924"
"354,Kepulauan Bangka Belitung,2020/03/12 00:00:00+00,0,0,0,0,0,0,0,#DIV/0!,#DIV/0!,354,3925"
"355,Bengkulu,2020/03/12 00:00:00+00,0,0,0,0,0,0,0,#DIV/0!,#DIV/0!,355,3926"
"356,Daerah Istimewa Yogyakarta,2020/03/12 00:00:00+00,0,0,0,0,0,0,0,#DIV/0!,#DIV/0!,356,3927"
"357,DKI Jakarta,2020/03/12 00:00:00+00,29,0,2,0,0,0,27,0.00000,7.00000,357,3928"
"358,Jambi,2020/03/12 00:00:00+00,0,0,0,0,0,0,0,#DIV/0!,#DIV/0!,358,3929"
"359,Jawa Barat,2020/03/12 00:00:00+00,3,0,0,0,0,0,3,0.00000,0.00000,359,3930"
"360,Jawa Tengah,2020/03/12 00:00:00+00,0,0,0,0,0,0,0,#DIV/0!,#DIV/0!,360,3931"
"361,Jawa Timur,2020/03/12 00:00:00+00,0,0,0,0,0,0,0,#DIV/0!,#DIV/0!,361,3932"
"362,Kalimantan Barat,2020/03/12 00:00:00+00,0,0,0,0,0,0,0,#DIV/0!,#DIV/0!,362,3933"
"363,Kalimantan Timur,2020/03/12 00:00:00+00,0,0,0,0,0,0,0,#DIV/0!,#DIV/0!,363,3934"
"364,Kalimantan Tengah,2020/03/12 00:00:00+00,0,0,0,0,0,0,0,#DIV/0!,#DIV/0!,364,3935"
"365,Kalimantan Selatan,2020/03/12 00:00:00+00,0,0,0,0,0,0,0,#DIV/0!,#DIV/0!,365,3936"
"366,Kalimantan Utara,2020/03/12 00:00:00+00,0,0,0,0,0,0,0,#DIV/0!,#DIV/0!,366,3937"
"367,Kepulauan Riau,2020/03/12 00:00:00+00,0,0,0,0,0,0,0,#DIV/0!,#DIV/0!,367,3938"
"368,Nusa Tenggara Barat,2020/03/12 00:00:00+00,0,0,0,0,0,0,0,#DIV/0!,#DIV/0!,368,3939"
"369,Sumatera Selatan,2020/03/12 00:00:00+00,0,0,0,0,0,0,0,#DIV/0!,#DIV/0!,369,3940"
"370,Sumatera Barat,2020/03/12 00:00:00+00,0,0,0,0,0,0,0,#DIV/0!,#DIV/0!,370,3941"
"371,Sulawesi Utara,2020/03/12 00:00:00+00,0,0,0,0,0,0,0,#DIV/0!,#DIV/0!,371,3942"
"372,Sumatera Utara,2020/03/12 00:00:00+00,0,0,0,0,0,0,0,#DIV/0!,#DIV/0!,372,3943"
"373,Sulawesi Tenggara,2020/03/12 00:00:00+00,0,0,0,0,0,0,0,#DIV/0!,#DIV/0!,373,3944"
"374,Sulawesi Selatan,2020/03/12 00:00:00+00,0,0,0,0,0,0,0,#DIV/0!,#DIV/0!,374,3945"
"375,Sulawesi Tengah,2020/03/12 00:00:00+00,0,0,0,0,0,0,0,#DIV/0!,#DIV/0!,375,3946"
"376,Lampung,2020/03/12 00:00:00+00,0,0,0,0,0,0,0,#DIV/0!,#DIV/0!,376,3947"
"377,Riau,2020/03/12 00:00:00+00,0,0,0,0,0,0,0,#DIV/0!,#DIV/0!,377,3948"
"378,Maluku Utara,2020/03/12 00:00:00+00,0,0,0,0,0,0,0,#DIV/0!,#DIV/0!,378,3949"
"379,Maluku,2020/03/12 00:00:00+00,0,0,0,0,0,0,0,#DIV/0!,#DIV/0!,379,3950"
"380,Papua Barat,2020/03/12 00:00:00+00,0,0,0,0,0,0,0,#DIV/0!,#DIV/0!,380,3951"
"381,Papua,2020/03/12 00:00:00+00,0,0,0,0,0,0,0,#DIV/0!,#DIV/0!,381,3952"
"382,Sulawesi Barat,2020/03/12 00:00:00+00,0,0,0,0,0,0,0,#DIV/0!,#DIV/0!,382,3953"
"383,Nusa Tenggara Timur,2020/03/12 00:00:00+00,0,0,0,0,0,0,0,#DIV/0!,#DIV/0!,383,3954"
"384,Gorontalo,2020/03/12 00:00:00+00,0,0,0,0,0,0,0,#DIV/0!,#DIV/0!,384,3955"
"385,Indonesia,2020/03/12 00:00:00+00,0,0,0,0,0,0,0,#DIV/0!,#DIV/0!,385,3956"
"386,Aceh,2020/03/13 00:00:00+00,0,0,0,0,0,0,0,#DIV/0!,#DIV/0!,386,3957"
"387,Bali,2020/03/13 00:00:00+00,1,0,0,0,1,0,0,100.00000,0.00000,387,3958"
"388,Banten,2020/03/13 00:00:00+00,4,3,0,0,1,1,3,25.00000,0.00000,388,3959"
"389,Kepulauan Bangka Belitung,2020/03/13 00:00:00+00,0,0,0,0,0,0,0,#DIV/0!,#DIV/0!,389,3960"
"390,Bengkulu,2020/03/13 00:00:00+00,0,0,0,0,0,0,0,#DIV/0!,#DIV/0!,390,3961"
"391,Daerah Istimewa Yogyakarta,2020/03/13 00:00:00+00,1,1,0,0,0,0,1,0.00000,0.00000,391,3962"
"392,DKI Jakarta,2020/03/13 00:00:00+00,54,25,3,1,1,1,50,2.00000,6.00000,392,3963"
"393,Jambi,2020/03/13 00:00:00+00,0,0,0,0,0,0,0,#DIV/0!,#DIV/0!,393,3964"
"394,Jawa Barat,2020/03/13 00:00:00+00,5,2,0,0,0,0,5,0.00000,0.00000,394,3965"
"395,Jawa Tengah,2020/03/13 00:00:00+00,2,2,0,0,1,1,1,50.00000,0.00000,395,3966"
"396,Jawa Timur,2020/03/13 00:00:00+00,0,0,0,0,0,0,0,#DIV/0!,#DIV/0!,396,3967"
"397,Kalimantan Barat,2020/03/13 00:00:00+00,1,1,0,0,0,0,1,0.00000,0.00000,397,3968"
"398,Kalimantan Timur,2020/03/13 00:00:00+00,0,0,0,0,0,0,0,#DIV/0!,#DIV/0!,398,3969"
"399,Kalimantan Tengah,2020/03/13 00:00:00+00,0,0,0,0,0,0,0,#DIV/0!,#DIV/0!,399,3970"
"400,Kalimantan Selatan,2020/03/13 00:00:00+00,0,0,0,0,0,0,0,#DIV/0!,#DIV/0!,400,3971"
"401,Kalimantan Utara,2020/03/13 00:00:00+00,0,0,0,0,0,0,0,#DIV/0!,#DIV/0!,401,3972"
"402,Kepulauan Riau,2020/03/13 00:00:00+00,0,0,0,0,0,0,0,#DIV/0!,#DIV/0!,402,3973"
"403,Nusa Tenggara Barat,2020/03/13 00:00:00+00,0,0,0,0,0,0,0,#DIV/0!,#DIV/0!,403,3974"
"404,Sumatera Selatan,2020/03/13 00:00:00+00,0,0,0,0,0,0,0,#DIV/0!,#DIV/0!,404,3975"
"405,Sumatera Barat,2020/03/13 00:00:00+00,0,0,0,0,0,0,0,#DIV/0!,#DIV/0!,405,3976"
"406,Sulawesi Utara,2020/03/13 00:00:00+00,1,1,0,0,0,0,1,0.00000,0.00000,406,3977"
"407,Sumatera Utara,2020/03/13 00:00:00+00,0,0,0,0,0,0,0,#DIV/0!,#DIV/0!,407,3978"
"408,Sulawesi Tenggara,2020/03/13 00:00:00+00,0,0,0,0,0,0,0,#DIV/0!,#DIV/0!,408,3979"
"409,Sulawesi Selatan,2020/03/13 00:00:00+00,0,0,0,0,0,0,0,#DIV/0!,#DIV/0!,409,3980"
"410,Sulawesi Tengah,2020/03/13 00:00:00+00,0,0,0,0,0,0,0,#DIV/0!,#DIV/0!,410,3981"
"411,Lampung,2020/03/13 00:00:00+00,0,0,0,0,0,0,0,#DIV/0!,#DIV/0!,411,3982"
"412,Riau,2020/03/13 00:00:00+00,0,0,0,0,0,0,0,#DIV/0!,#DIV/0!,412,3983"
"413,Maluku Utara,2020/03/13 00:00:00+00,0,0,0,0,0,0,0,#DIV/0!,#DIV/0!,413,3984"
"414,Maluku,2020/03/13 00:00:00+00,0,0,0,0,0,0,0,#DIV/0!,#DIV/0!,414,3985"
"415,Papua Barat,2020/03/13 00:00:00+00,0,0,0,0,0,0,0,#DIV/0!,#DIV/0!,415,3986"
"416,Papua,2020/03/13 00:00:00+00,0,0,0,0,0,0,0,#DIV/0!,#DIV/0!,416,3987"
"417,Sulawesi Barat,2020/03/13 00:00:00+00,0,0,0,0,0,0,0,#DIV/0!,#DIV/0!,417,3988"
"418,Nusa Tenggara Timur,2020/03/13 00:00:00+00,0,0,0,0,0,0,0,#DIV/0!,#DIV/0!,418,3989"
"419,Gorontalo,2020/03/13 00:00:00+00,0,0,0,0,0,0,0,#DIV/0!,#DIV/0!,419,3990"
"420,Indonesia,2020/03/13 00:00:00+00,0,0,0,0,0,0,0,#DIV/0!,#DIV/0!,420,3991"
"421,Aceh,2020/03/14 00:00:00+00,0,0,0,0,0,0,0,#DIV/0!,#DIV/0!,421,3992"
"422,Bali,2020/03/14 00:00:00+00,1,0,0,0,1,0,0,100.00000,0.00000,422,3993"
"423,Banten,2020/03/14 00:00:00+00,7,3,0,0,1,0,6,14.00000,0.00000,423,3994"
"424,Kepulauan Bangka Belitung,2020/03/14 00:00:00+00,0,0,0,0,0,0,0,#DIV/0!,#DIV/0!,424,3995"
"425,Bengkulu,2020/03/14 00:00:00+00,0,0,0,0,0,0,0,#DIV/0!,#DIV/0!,425,3996"
"426,Daerah Istimewa Yogyakarta,2020/03/14 00:00:00+00,1,0,0,0,0,0,1,0.00000,0.00000,426,3997"
"427,DKI Jakarta,2020/03/14 00:00:00+00,71,17,8,5,2,1,61,3.00000,11.00000,427,3998"
"428,Jambi,2020/03/14 00:00:00+00,0,0,0,0,0,0,0,#DIV/0!,#DIV/0!,428,3999"
"429,Jawa Barat,2020/03/14 00:00:00+00,8,3,0,0,0,0,8,0.00000,0.00000,429,4000"
"430,Jawa Tengah,2020/03/14 00:00:00+00,2,0,0,0,1,0,1,50.00000,0.00000,430,4001"
"431,Jawa Timur,2020/03/14 00:00:00+00,0,0,0,0,0,0,0,#DIV/0!,#DIV/0!,431,4002"
"432,Kalimantan Barat,2020/03/14 00:00:00+00,1,0,0,0,0,0,1,0.00000,0.00000,432,4003"
"433,Kalimantan Timur,2020/03/14 00:00:00+00,0,0,0,0,0,0,0,#DIV/0!,#DIV/0!,433,4004"
"434,Kalimantan Tengah,2020/03/14 00:00:00+00,0,0,0,0,0,0,0,#DIV/0!,#DIV/0!,434,4005"
"435,Kalimantan Selatan,2020/03/14 00:00:00+00,0,0,0,0,0,0,0,#DIV/0!,#DIV/0!,435,4006"
"436,Kalimantan Utara,2020/03/14 00:00:00+00,0,0,0,0,0,0,0,#DIV/0!,#DIV/0!,436,4007"
"437,Kepulauan Riau,2020/03/14 00:00:00+00,0,0,0,0,0,0,0,#DIV/0!,#DIV/0!,437,4008"
"438,Nusa Tenggara Barat,2020/03/14 00:00:00+00,0,0,0,0,0,0,0,#DIV/0!,#DIV/0!,438,4009"
"439,Sumatera Selatan,2020/03/14 00:00:00+00,0,0,0,0,0,0,0,#DIV/0!,#DIV/0!,439,4010"
"440,Sumatera Barat,2020/03/14 00:00:00+00,0,0,0,0,0,0,0,#DIV/0!,#DIV/0!,440,4011"
"441,Sulawesi Utara,2020/03/14 00:00:00+00,1,0,0,0,0,0,1,0.00000,0.00000,441,4012"
"442,Sumatera Utara,2020/03/14 00:00:00+00,0,0,0,0,0,0,0,#DIV/0!,#DIV/0!,442,4013"
"443,Sulawesi Tenggara,2020/03/14 00:00:00+00,0,0,0,0,0,0,0,#DIV/0!,#DIV/0!,443,4014"
"444,Sulawesi Selatan,2020/03/14 00:00:00+00,0,0,0,0,0,0,0,#DIV/0!,#DIV/0!,444,4015"
"445,Sulawesi Tengah,2020/03/14 00:00:00+00,0,0,0,0,0,0,0,#DIV/0!,#DIV/0!,445,4016"
"446,Lampung,2020/03/14 00:00:00+00,0,0,0,0,0,0,0,#DIV/0!,#DIV/0!,446,4017"
"447,Riau,2020/03/14 00:00:00+00,0,0,0,0,0,0,0,#DIV/0!,#DIV/0!,447,4018"
"448,Maluku Utara,2020/03/14 00:00:00+00,0,0,0,0,0,0,0,#DIV/0!,#DIV/0!,448,4019"
"449,Maluku,2020/03/14 00:00:00+00,0,0,0,0,0,0,0,#DIV/0!,#DIV/0!,449,4020"
"450,Papua Barat,2020/03/14 00:00:00+00,0,0,0,0,0,0,0,#DIV/0!,#DIV/0!,450,4021"
"451,Papua,2020/03/14 00:00:00+00,0,0,0,0,0,0,0,#DIV/0!,#DIV/0!,451,4022"
"452,Sulawesi Barat,2020/03/14 00:00:00+00,0,0,0,0,0,0,0,#DIV/0!,#DIV/0!,452,4023"
"453,Nusa Tenggara Timur,2020/03/14 00:00:00+00,0,0,0,0,0,0,0,#DIV/0!,#DIV/0!,453,4024"
"454,Gorontalo,2020/03/14 00:00:00+00,0,0,0,0,0,0,0,#DIV/0!,#DIV/0!,454,4025"
"455,Indonesia,2020/03/14 00:00:00+00,4,4,0,0,0,0,4,0.00000,0.00000,455,4026"
"456,Aceh,2020/03/15 00:00:00+00,0,0,0,0,0,0,0,#DIV/0!,#DIV/0!,456,4027"
"457,Bali,2020/03/15 00:00:00+00,1,0,0,0,1,0,0,100.00000,0.00000,457,4028"
"458,Banten,2020/03/15 00:00:00+00,7,0,0,0,1,0,6,14.00000,0.00000,458,4029"
"459,Kepulauan Bangka Belitung,2020/03/15 00:00:00+00,0,0,0,0,0,0,0,#DIV/0!,#DIV/0!,459,4030"
"460,Bengkulu,2020/03/15 00:00:00+00,0,0,0,0,0,0,0,#DIV/0!,#DIV/0!,460,4031"
"461,Daerah Istimewa Yogyakarta,2020/03/15 00:00:00+00,1,0,0,0,0,0,1,0.00000,0.00000,461,4032"
"462,DKI Jakarta,2020/03/15 00:00:00+00,90,19,8,0,2,0,80,2.00000,9.00000,462,4033"
"463,Jambi,2020/03/15 00:00:00+00,0,0,0,0,0,0,0,#DIV/0!,#DIV/0!,463,4034"
"464,Jawa Barat,2020/03/15 00:00:00+00,8,0,0,0,0,0,8,0.00000,0.00000,464,4035"
"465,Jawa Tengah,2020/03/15 00:00:00+00,4,2,0,0,1,0,3,25.00000,0.00000,465,4036"
"466,Jawa Timur,2020/03/15 00:00:00+00,0,0,0,0,0,0,0,#DIV/0!,#DIV/0!,466,4037"
"467,Kalimantan Barat,2020/03/15 00:00:00+00,1,0,0,0,0,0,1,0.00000,0.00000,467,4038"
"468,Kalimantan Timur,2020/03/15 00:00:00+00,0,0,0,0,0,0,0,#DIV/0!,#DIV/0!,468,4039"
"469,Kalimantan Tengah,2020/03/15 00:00:00+00,0,0,0,0,0,0,0,#DIV/0!,#DIV/0!,469,4040"
"470,Kalimantan Selatan,2020/03/15 00:00:00+00,0,0,0,0,0,0,0,#DIV/0!,#DIV/0!,470,4041"
"471,Kalimantan Utara,2020/03/15 00:00:00+00,0,0,0,0,0,0,0,#DIV/0!,#DIV/0!,471,4042"
"472,Kepulauan Riau,2020/03/15 00:00:00+00,0,0,0,0,0,0,0,#DIV/0!,#DIV/0!,472,4043"
"473,Nusa Tenggara Barat,2020/03/15 00:00:00+00,0,0,0,0,0,0,0,#DIV/0!,#DIV/0!,473,4044"
"474,Sumatera Selatan,2020/03/15 00:00:00+00,0,0,0,0,0,0,0,#DIV/0!,#DIV/0!,474,4045"
"475,Sumatera Barat,2020/03/15 00:00:00+00,0,0,0,0,0,0,0,#DIV/0!,#DIV/0!,475,4046"
"476,Sulawesi Utara,2020/03/15 00:00:00+00,1,0,0,0,0,0,1,0.00000,0.00000,476,4047"
"477,Sumatera Utara,2020/03/15 00:00:00+00,0,0,0,0,0,0,0,#DIV/0!,#DIV/0!,477,4048"
"478,Sulawesi Tenggara,2020/03/15 00:00:00+00,0,0,0,0,0,0,0,#DIV/0!,#DIV/0!,478,4049"
"479,Sulawesi Selatan,2020/03/15 00:00:00+00,0,0,0,0,0,0,0,#DIV/0!,#DIV/0!,479,4050"
"480,Sulawesi Tengah,2020/03/15 00:00:00+00,0,0,0,0,0,0,0,#DIV/0!,#DIV/0!,480,4051"
"481,Lampung,2020/03/15 00:00:00+00,0,0,0,0,0,0,0,#DIV/0!,#DIV/0!,481,4052"
"482,Riau,2020/03/15 00:00:00+00,0,0,0,0,0,0,0,#DIV/0!,#DIV/0!,482,4053"
"483,Maluku Utara,2020/03/15 00:00:00+00,0,0,0,0,0,0,0,#DIV/0!,#DIV/0!,483,4054"
"484,Maluku,2020/03/15 00:00:00+00,0,0,0,0,0,0,0,#DIV/0!,#DIV/0!,484,4055"
"485,Papua Barat,2020/03/15 00:00:00+00,0,0,0,0,0,0,0,#DIV/0!,#DIV/0!,485,4056"
"486,Papua,2020/03/15 00:00:00+00,0,0,0,0,0,0,0,#DIV/0!,#DIV/0!,486,4057"
"487,Sulawesi Barat,2020/03/15 00:00:00+00,0,0,0,0,0,0,0,#DIV/0!,#DIV/0!,487,4058"
"488,Nusa Tenggara Timur,2020/03/15 00:00:00+00,0,0,0,0,0,0,0,#DIV/0!,#DIV/0!,488,4059"
"489,Gorontalo,2020/03/15 00:00:00+00,0,0,0,0,0,0,0,#DIV/0!,#DIV/0!,489,4060"
"490,Indonesia,2020/03/15 00:00:00+00,4,0,0,0,0,0,4,0.00000,0.00000,490,4061"
"491,Aceh,2020/03/16 00:00:00+00,0,0,0,0,0,0,0,#DIV/0!,#DIV/0!,491,4062"
"492,Bali,2020/03/16 00:00:00+00,1,0,0,0,1,0,0,100.00000,0.00000,492,4063"
"493,Banten,2020/03/16 00:00:00+00,8,1,0,0,1,0,7,13.00000,0.00000,493,4064"
"494,Kepulauan Bangka Belitung,2020/03/16 00:00:00+00,0,0,0,0,0,0,0,#DIV/0!,#DIV/0!,494,4065"
"495,Bengkulu,2020/03/16 00:00:00+00,0,0,0,0,0,0,0,#DIV/0!,#DIV/0!,495,4066"
"496,Daerah Istimewa Yogyakarta,2020/03/16 00:00:00+00,1,0,0,0,0,0,1,0.00000,0.00000,496,4067"
"497,DKI Jakarta,2020/03/16 00:00:00+00,104,14,8,0,2,0,94,2.00000,8.00000,497,4068"
"498,Jambi,2020/03/16 00:00:00+00,0,0,0,0,0,0,0,#DIV/0!,#DIV/0!,498,4069"
"499,Jawa Barat,2020/03/16 00:00:00+00,9,1,0,0,0,0,9,0.00000,0.00000,499,4070"
"500,Jawa Tengah,2020/03/16 00:00:00+00,5,1,0,0,1,0,4,20.00000,0.00000,500,4071"
"501,Jawa Timur,2020/03/16 00:00:00+00,0,0,0,0,0,0,0,#DIV/0!,#DIV/0!,501,4072"
"502,Kalimantan Barat,2020/03/16 00:00:00+00,1,0,0,0,0,0,1,0.00000,0.00000,502,4073"
"503,Kalimantan Timur,2020/03/16 00:00:00+00,0,0,0,0,0,0,0,#DIV/0!,#DIV/0!,503,4074"
"504,Kalimantan Tengah,2020/03/16 00:00:00+00,0,0,0,0,0,0,0,#DIV/0!,#DIV/0!,504,4075"
"505,Kalimantan Selatan,2020/03/16 00:00:00+00,0,0,0,0,0,0,0,#DIV/0!,#DIV/0!,505,4076"
"506,Kalimantan Utara,2020/03/16 00:00:00+00,0,0,0,0,0,0,0,#DIV/0!,#DIV/0!,506,4077"
"507,Kepulauan Riau,2020/03/16 00:00:00+00,0,0,0,0,0,0,0,#DIV/0!,#DIV/0!,507,4078"
"508,Nusa Tenggara Barat,2020/03/16 00:00:00+00,0,0,0,0,0,0,0,#DIV/0!,#DIV/0!,508,4079"
"509,Sumatera Selatan,2020/03/16 00:00:00+00,0,0,0,0,0,0,0,#DIV/0!,#DIV/0!,509,4080"
"510,Sumatera Barat,2020/03/16 00:00:00+00,0,0,0,0,0,0,0,#DIV/0!,#DIV/0!,510,4081"
"511,Sulawesi Utara,2020/03/16 00:00:00+00,1,0,0,0,0,0,1,0.00000,0.00000,511,4082"
"512,Sumatera Utara,2020/03/16 00:00:00+00,0,0,0,0,0,0,0,#DIV/0!,#DIV/0!,512,4083"
"513,Sulawesi Tenggara,2020/03/16 00:00:00+00,0,0,0,0,0,0,0,#DIV/0!,#DIV/0!,513,4084"
"514,Sulawesi Selatan,2020/03/16 00:00:00+00,0,0,0,0,0,0,0,#DIV/0!,#DIV/0!,514,4085"
"515,Sulawesi Tengah,2020/03/16 00:00:00+00,0,0,0,0,0,0,0,#DIV/0!,#DIV/0!,515,4086"
"516,Lampung,2020/03/16 00:00:00+00,0,0,0,0,0,0,0,#DIV/0!,#DIV/0!,516,4087"
"517,Riau,2020/03/16 00:00:00+00,0,0,0,0,0,0,0,#DIV/0!,#DIV/0!,517,4088"
"518,Maluku Utara,2020/03/16 00:00:00+00,0,0,0,0,0,0,0,#DIV/0!,#DIV/0!,518,4089"
"519,Maluku,2020/03/16 00:00:00+00,0,0,0,0,0,0,0,#DIV/0!,#DIV/0!,519,4090"
"520,Papua Barat,2020/03/16 00:00:00+00,0,0,0,0,0,0,0,#DIV/0!,#DIV/0!,520,4091"
"521,Papua,2020/03/16 00:00:00+00,0,0,0,0,0,0,0,#DIV/0!,#DIV/0!,521,4092"
"522,Sulawesi Barat,2020/03/16 00:00:00+00,0,0,0,0,0,0,0,#DIV/0!,#DIV/0!,522,4093"
"523,Nusa Tenggara Timur,2020/03/16 00:00:00+00,0,0,0,0,0,0,0,#DIV/0!,#DIV/0!,523,4094"
"524,Gorontalo,2020/03/16 00:00:00+00,0,0,0,0,0,0,0,#DIV/0!,#DIV/0!,524,4095"
"525,Indonesia,2020/03/16 00:00:00+00,4,0,0,0,0,0,4,0.00000,0.00000,525,4096"
"526,Aceh,2020/03/17 00:00:00+00,0,0,0,0,0,0,0,#DIV/0!,#DIV/0!,526,4097"
"527,Bali,2020/03/17 00:00:00+00,1,0,0,0,1,0,0,100.00000,0.00000,527,4098"
"528,Banten,2020/03/17 00:00:00+00,13,5,0,0,1,0,12,8.00000,0.00000,528,4099"
"529,Kepulauan Bangka Belitung,2020/03/17 00:00:00+00,0,0,0,0,0,0,0,#DIV/0!,#DIV/0!,529,4100"
"530,Bengkulu,2020/03/17 00:00:00+00,0,0,0,0,0,0,0,#DIV/0!,#DIV/0!,530,4101"
"531,Daerah Istimewa Yogyakarta,2020/03/17 00:00:00+00,2,1,0,0,0,0,2,0.00000,0.00000,531,4102"
"532,DKI Jakarta,2020/03/17 00:00:00+00,126,22,9,1,2,0,115,2.00000,7.00000,532,4103"
"533,Jambi,2020/03/17 00:00:00+00,0,0,0,0,0,0,0,#DIV/0!,#DIV/0!,533,4104"
"534,Jawa Barat,2020/03/17 00:00:00+00,12,3,0,0,0,0,12,0.00000,0.00000,534,4105"
"535,Jawa Tengah,2020/03/17 00:00:00+00,6,1,0,0,1,0,5,17.00000,0.00000,535,4106"
"536,Jawa Timur,2020/03/17 00:00:00+00,8,8,0,0,0,0,8,0.00000,0.00000,536,4107"
"537,Kalimantan Barat,2020/03/17 00:00:00+00,2,1,0,0,0,0,2,0.00000,0.00000,537,4108"
"538,Kalimantan Timur,2020/03/17 00:00:00+00,0,0,0,0,0,0,0,#DIV/0!,#DIV/0!,538,4109"
"539,Kalimantan Tengah,2020/03/17 00:00:00+00,0,0,0,0,0,0,0,#DIV/0!,#DIV/0!,539,4110"
"540,Kalimantan Selatan,2020/03/17 00:00:00+00,0,0,0,0,0,0,0,#DIV/0!,#DIV/0!,540,4111"
"541,Kalimantan Utara,2020/03/17 00:00:00+00,0,0,0,0,0,0,0,#DIV/0!,#DIV/0!,541,4112"
"542,Kepulauan Riau,2020/03/17 00:00:00+00,1,1,0,0,0,0,1,0.00000,0.00000,542,4113"
"543,Nusa Tenggara Barat,2020/03/17 00:00:00+00,0,0,0,0,0,0,0,#DIV/0!,#DIV/0!,543,4114"
"544,Sumatera Selatan,2020/03/17 00:00:00+00,0,0,0,0,0,0,0,#DIV/0!,#DIV/0!,544,4115"
"545,Sumatera Barat,2020/03/17 00:00:00+00,0,0,0,0,0,0,0,#DIV/0!,#DIV/0!,545,4116"
"546,Sulawesi Utara,2020/03/17 00:00:00+00,1,0,0,0,0,0,1,0.00000,0.00000,546,4117"
"547,Sumatera Utara,2020/03/17 00:00:00+00,0,0,0,0,0,0,0,#DIV/0!,#DIV/0!,547,4118"
"548,Sulawesi Tenggara,2020/03/17 00:00:00+00,0,0,0,0,0,0,0,#DIV/0!,#DIV/0!,548,4119"
"549,Sulawesi Selatan,2020/03/17 00:00:00+00,0,0,0,0,0,0,0,#DIV/0!,#DIV/0!,549,4120"
"550,Sulawesi Tengah,2020/03/17 00:00:00+00,0,0,0,0,0,0,0,#DIV/0!,#DIV/0!,550,4121"
"551,Lampung,2020/03/17 00:00:00+00,0,0,0,0,0,0,0,#DIV/0!,#DIV/0!,551,4122"
"552,Riau,2020/03/17 00:00:00+00,0,0,0,0,0,0,0,#DIV/0!,#DIV/0!,552,4123"
"553,Maluku Utara,2020/03/17 00:00:00+00,0,0,0,0,0,0,0,#DIV/0!,#DIV/0!,553,4124"
"554,Maluku,2020/03/17 00:00:00+00,0,0,0,0,0,0,0,#DIV/0!,#DIV/0!,554,4125"
"555,Papua Barat,2020/03/17 00:00:00+00,0,0,0,0,0,0,0,#DIV/0!,#DIV/0!,555,4126"
"556,Papua,2020/03/17 00:00:00+00,0,0,0,0,0,0,0,#DIV/0!,#DIV/0!,556,4127"
"557,Sulawesi Barat,2020/03/17 00:00:00+00,0,0,0,0,0,0,0,#DIV/0!,#DIV/0!,557,4128"
"558,Nusa Tenggara Timur,2020/03/17 00:00:00+00,0,0,0,0,0,0,0,#DIV/0!,#DIV/0!,558,4129"
"559,Gorontalo,2020/03/17 00:00:00+00,0,0,0,0,0,0,0,#DIV/0!,#DIV/0!,559,4130"
"560,Indonesia,2020/03/17 00:00:00+00,0,0,0,0,0,0,0,#DIV/0!,#DIV/0!,560,4131"
"561,Aceh,2020/03/18 00:00:00+00,0,0,0,0,0,0,0,#DIV/0!,#DIV/0!,561,4132"
"562,Bali,2020/03/18 00:00:00+00,1,0,0,0,1,0,0,100.00000,0.00000,562,4133"
"563,Banten,2020/03/18 00:00:00+00,17,4,0,0,1,0,16,6.00000,0.00000,563,4134"
"564,Kepulauan Bangka Belitung,2020/03/18 00:00:00+00,0,0,0,0,0,0,0,#DIV/0!,#DIV/0!,564,4135"
"565,Bengkulu,2020/03/18 00:00:00+00,0,0,0,0,0,0,0,#DIV/0!,#DIV/0!,565,4136"
"566,Daerah Istimewa Yogyakarta,2020/03/18 00:00:00+00,3,1,0,0,0,0,3,0.00000,0.00000,566,4137"
"567,DKI Jakarta,2020/03/18 00:00:00+00,158,30,11,2,12,10,135,8.00000,7.00000,567,4138"
"568,Jambi,2020/03/18 00:00:00+00,0,0,0,0,0,0,0,#DIV/0!,#DIV/0!,568,4139"
"569,Jawa Barat,2020/03/18 00:00:00+00,24,12,0,0,1,1,23,4.00000,0.00000,569,4140"
"570,Jawa Tengah,2020/03/18 00:00:00+00,8,2,0,0,2,1,6,25.00000,0.00000,570,4141"
"571,Jawa Timur,2020/03/18 00:00:00+00,8,0,0,0,1,1,7,13.00000,0.00000,571,4142"
"572,Kalimantan Barat,2020/03/18 00:00:00+00,2,0,0,0,0,0,2,0.00000,0.00000,572,4143"
"573,Kalimantan Timur,2020/03/18 00:00:00+00,1,1,0,0,0,0,1,0.00000,0.00000,573,4144"
"574,Kalimantan Tengah,2020/03/18 00:00:00+00,0,0,0,0,0,0,0,#DIV/0!,#DIV/0!,574,4145"
"575,Kalimantan Selatan,2020/03/18 00:00:00+00,0,0,0,0,0,0,0,#DIV/0!,#DIV/0!,575,4146"
"576,Kalimantan Utara,2020/03/18 00:00:00+00,0,0,0,0,0,0,0,#DIV/0!,#DIV/0!,576,4147"
"577,Kepulauan Riau,2020/03/18 00:00:00+00,1,0,0,0,0,0,1,0.00000,0.00000,577,4148"
"578,Nusa Tenggara Barat,2020/03/18 00:00:00+00,0,0,0,0,0,0,0,#DIV/0!,#DIV/0!,578,4149"
"579,Sumatera Selatan,2020/03/18 00:00:00+00,0,0,0,0,0,0,0,#DIV/0!,#DIV/0!,579,4150"
"580,Sumatera Barat,2020/03/18 00:00:00+00,0,0,0,0,0,0,0,#DIV/0!,#DIV/0!,580,4151"
"581,Sulawesi Utara,2020/03/18 00:00:00+00,1,0,0,0,0,0,1,0.00000,0.00000,581,4152"
"582,Sumatera Utara,2020/03/18 00:00:00+00,1,1,0,0,1,1,0,100.00000,0.00000,582,4153"
"583,Sulawesi Tenggara,2020/03/18 00:00:00+00,0,0,0,0,0,0,0,#DIV/0!,#DIV/0!,583,4154"
"584,Sulawesi Selatan,2020/03/18 00:00:00+00,0,0,0,0,0,0,0,#DIV/0!,#DIV/0!,584,4155"
"585,Sulawesi Tengah,2020/03/18 00:00:00+00,0,0,0,0,0,0,0,#DIV/0!,#DIV/0!,585,4156"
"586,Lampung,2020/03/18 00:00:00+00,1,1,0,0,0,0,1,0.00000,0.00000,586,4157"
"587,Riau,2020/03/18 00:00:00+00,1,1,0,0,0,0,1,0.00000,0.00000,587,4158"
"588,Maluku Utara,2020/03/18 00:00:00+00,0,0,0,0,0,0,0,#DIV/0!,#DIV/0!,588,4159"
"589,Maluku,2020/03/18 00:00:00+00,0,0,0,0,0,0,0,#DIV/0!,#DIV/0!,589,4160"
"590,Papua Barat,2020/03/18 00:00:00+00,0,0,0,0,0,0,0,#DIV/0!,#DIV/0!,590,4161"
"591,Papua,2020/03/18 00:00:00+00,0,0,0,0,0,0,0,#DIV/0!,#DIV/0!,591,4162"
"592,Sulawesi Barat,2020/03/18 00:00:00+00,0,0,0,0,0,0,0,#DIV/0!,#DIV/0!,592,4163"
"593,Nusa Tenggara Timur,2020/03/18 00:00:00+00,0,0,0,0,0,0,0,#DIV/0!,#DIV/0!,593,4164"
"594,Gorontalo,2020/03/18 00:00:00+00,0,0,0,0,0,0,0,#DIV/0!,#DIV/0!,594,4165"
"595,Indonesia,2020/03/18 00:00:00+00,0,2,0,0,0,0,0,#DIV/0!,#DIV/0!,595,4166"
"596,Aceh,2020/03/19 00:00:00+00,0,0,0,0,0,0,0,#DIV/0!,#DIV/0!,596,4167"
"597,Bali,2020/03/19 00:00:00+00,1,0,0,0,1,0,0,100.00000,0.00000,597,4168"
"598,Banten,2020/03/19 00:00:00+00,27,10,0,0,1,0,26,4.00000,0.00000,598,4169"
"599,Kepulauan Bangka Belitung,2020/03/19 00:00:00+00,0,0,0,0,0,0,0,#DIV/0!,#DIV/0!,599,4170"
"600,Bengkulu,2020/03/19 00:00:00+00,0,0,0,0,0,0,0,#DIV/0!,#DIV/0!,600,4171"
"601,Daerah Istimewa Yogyakarta,2020/03/19 00:00:00+00,5,2,0,0,0,0,5,0.00000,0.00000,601,4172"
"602,DKI Jakarta,2020/03/19 00:00:00+00,210,52,15,4,12,0,183,6.00000,7.00000,602,4173"
"603,Jambi,2020/03/19 00:00:00+00,0,0,0,0,0,0,0,#DIV/0!,#DIV/0!,603,4174"
"604,Jawa Barat,2020/03/19 00:00:00+00,26,2,0,0,1,0,25,3.85000,0.00000,604,4175"
"605,Jawa Tengah,2020/03/19 00:00:00+00,12,4,0,0,2,0,10,16.67000,0.00000,605,4176"
"606,Jawa Timur,2020/03/19 00:00:00+00,9,1,0,0,1,0,8,11.00000,0.00000,606,4177"
"607,Kalimantan Barat,2020/03/19 00:00:00+00,2,0,0,0,0,0,2,0.00000,0.00000,607,4178"
"608,Kalimantan Timur,2020/03/19 00:00:00+00,3,2,0,0,0,0,3,0.00000,0.00000,608,4179"
"609,Kalimantan Tengah,2020/03/19 00:00:00+00,0,0,0,0,0,0,0,#DIV/0!,#DIV/0!,609,4180"
"610,Kalimantan Selatan,2020/03/19 00:00:00+00,0,0,0,0,0,0,0,#DIV/0!,#DIV/0!,610,4181"
"611,Kalimantan Utara,2020/03/19 00:00:00+00,0,0,0,0,0,0,0,#DIV/0!,#DIV/0!,611,4182"
"612,Kepulauan Riau,2020/03/19 00:00:00+00,3,2,0,0,0,0,3,0.00000,0.00000,612,4183"
"613,Nusa Tenggara Barat,2020/03/19 00:00:00+00,0,0,0,0,0,0,0,#DIV/0!,#DIV/0!,613,4184"
"614,Sumatera Selatan,2020/03/19 00:00:00+00,0,0,0,0,0,0,0,#DIV/0!,#DIV/0!,614,4185"
"615,Sumatera Barat,2020/03/19 00:00:00+00,0,0,0,0,0,0,0,#DIV/0!,#DIV/0!,615,4186"
"616,Sulawesi Utara,2020/03/19 00:00:00+00,1,0,0,0,0,0,1,0.00000,0.00000,616,4187"
"617,Sumatera Utara,2020/03/19 00:00:00+00,2,1,0,0,1,0,1,50.00000,0.00000,617,4188"
"618,Sulawesi Tenggara,2020/03/19 00:00:00+00,3,3,0,0,0,0,3,0.00000,0.00000,618,4189"
"619,Sulawesi Selatan,2020/03/19 00:00:00+00,2,2,0,0,0,0,2,0.00000,0.00000,619,4190"
"620,Sulawesi Tengah,2020/03/19 00:00:00+00,0,0,0,0,0,0,0,#DIV/0!,#DIV/0!,620,4191"
"621,Lampung,2020/03/19 00:00:00+00,1,0,0,0,0,0,1,0.00000,0.00000,621,4192"
"622,Riau,2020/03/19 00:00:00+00,2,1,0,0,0,0,2,0.00000,0.00000,622,4193"
"623,Maluku Utara,2020/03/19 00:00:00+00,0,0,0,0,0,0,0,#DIV/0!,#DIV/0!,623,4194"
"624,Maluku,2020/03/19 00:00:00+00,0,0,0,0,0,0,0,#DIV/0!,#DIV/0!,624,4195"
"625,Papua Barat,2020/03/19 00:00:00+00,0,0,0,0,0,0,0,#DIV/0!,#DIV/0!,625,4196"
"626,Papua,2020/03/19 00:00:00+00,0,0,0,0,0,0,0,#DIV/0!,#DIV/0!,626,4197"
"627,Sulawesi Barat,2020/03/19 00:00:00+00,0,0,0,0,0,0,0,#DIV/0!,#DIV/0!,627,4198"
"628,Nusa Tenggara Timur,2020/03/19 00:00:00+00,0,0,0,0,0,0,0,#DIV/0!,#DIV/0!,628,4199"
"629,Gorontalo,2020/03/19 00:00:00+00,0,0,0,0,0,0,0,#DIV/0!,#DIV/0!,629,4200"
"630,Indonesia,2020/03/19 00:00:00+00,0,0,0,0,0,0,0,#DIV/0!,#DIV/0!,630,4201"
"631,Aceh,2020/03/20 00:00:00+00,0,0,0,0,0,0,0,#DIV/0!,#DIV/0!,631,4202"
"632,Bali,2020/03/20 00:00:00+00,4,3,0,0,1,0,3,25.00000,0.00000,632,4203"
"633,Banten,2020/03/20 00:00:00+00,37,10,0,0,1,0,36,3.00000,0.00000,633,4204"
"634,Kepulauan Bangka Belitung,2020/03/20 00:00:00+00,0,0,0,0,0,0,0,#DIV/0!,#DIV/0!,634,4205"
"635,Bengkulu,2020/03/20 00:00:00+00,0,0,0,0,0,0,0,#DIV/0!,#DIV/0!,635,4206"
"636,Daerah Istimewa Yogyakarta,2020/03/20 00:00:00+00,4,-1,0,0,0,0,4,0.00000,0.00000,636,4207"
"637,DKI Jakarta,2020/03/20 00:00:00+00,215,5,17,2,18,6,180,8.00000,8.00000,637,4208"
"638,Jambi,2020/03/20 00:00:00+00,0,0,0,0,0,0,0,#DIV/0!,#DIV/0!,638,4209"
"639,Jawa Barat,2020/03/20 00:00:00+00,41,15,0,0,7,6,34,17.00000,0.00000,639,4210"
"640,Jawa Tengah,2020/03/20 00:00:00+00,12,0,0,0,3,1,9,25.00000,0.00000,640,4211"
"641,Jawa Timur,2020/03/20 00:00:00+00,15,6,0,0,1,0,14,7.00000,0.00000,641,4212"
"642,Kalimantan Barat,2020/03/20 00:00:00+00,2,0,0,0,0,0,2,0.00000,0.00000,642,4213"
"643,Kalimantan Timur,2020/03/20 00:00:00+00,10,7,0,0,0,0,10,0.00000,0.00000,643,4214"
"644,Kalimantan Tengah,2020/03/20 00:00:00+00,2,2,0,0,0,0,2,0.00000,0.00000,644,4215"
"645,Kalimantan Selatan,2020/03/20 00:00:00+00,0,0,0,0,0,0,0,#DIV/0!,#DIV/0!,645,4216"
"646,Kalimantan Utara,2020/03/20 00:00:00+00,0,0,0,0,0,0,0,#DIV/0!,#DIV/0!,646,4217"
"647,Kepulauan Riau,2020/03/20 00:00:00+00,4,1,0,0,0,0,4,0.00000,0.00000,647,4218"
"648,Nusa Tenggara Barat,2020/03/20 00:00:00+00,0,0,0,0,0,0,0,#DIV/0!,#DIV/0!,648,4219"
"649,Sumatera Selatan,2020/03/20 00:00:00+00,0,0,0,0,0,0,0,#DIV/0!,#DIV/0!,649,4220"
"650,Sumatera Barat,2020/03/20 00:00:00+00,0,0,0,0,0,0,0,#DIV/0!,#DIV/0!,650,4221"
"651,Sulawesi Utara,2020/03/20 00:00:00+00,1,0,0,0,0,0,1,0.00000,0.00000,651,4222"
"652,Sumatera Utara,2020/03/20 00:00:00+00,2,0,0,0,1,0,1,50.00000,0.00000,652,4223"
"653,Sulawesi Tenggara,2020/03/20 00:00:00+00,3,0,0,0,0,0,3,0.00000,0.00000,653,4224"
"654,Sulawesi Selatan,2020/03/20 00:00:00+00,2,0,0,0,0,0,2,0.00000,0.00000,654,4225"
"655,Sulawesi Tengah,2020/03/20 00:00:00+00,0,0,0,0,0,0,0,#DIV/0!,#DIV/0!,655,4226"
"656,Lampung,2020/03/20 00:00:00+00,1,0,0,0,0,0,1,0.00000,0.00000,656,4227"
"657,Riau,2020/03/20 00:00:00+00,1,-1,0,0,0,0,1,0.00000,0.00000,657,4228"
"658,Maluku Utara,2020/03/20 00:00:00+00,0,0,0,0,0,0,0,#DIV/0!,#DIV/0!,658,4229"
"659,Maluku,2020/03/20 00:00:00+00,0,0,0,0,0,0,0,#DIV/0!,#DIV/0!,659,4230"
"660,Papua Barat,2020/03/20 00:00:00+00,0,0,0,0,0,0,0,#DIV/0!,#DIV/0!,660,4231"
"661,Papua,2020/03/20 00:00:00+00,0,0,0,0,0,0,0,#DIV/0!,#DIV/0!,661,4232"
"662,Sulawesi Barat,2020/03/20 00:00:00+00,0,0,0,0,0,0,0,#DIV/0!,#DIV/0!,662,4233"
"663,Nusa Tenggara Timur,2020/03/20 00:00:00+00,0,0,0,0,0,0,0,#DIV/0!,#DIV/0!,663,4234"
"664,Gorontalo,2020/03/20 00:00:00+00,0,0,0,0,0,0,0,#DIV/0!,#DIV/0!,664,4235"
"665,Indonesia,2020/03/20 00:00:00+00,13,13,0,0,0,0,13,0.00000,0.00000,665,4236"
"666,Aceh,2020/03/21 00:00:00+00,0,0,0,0,0,0,0,#DIV/0!,#DIV/0!,666,4237"
"667,Bali,2020/03/21 00:00:00+00,3,0,0,0,1,0,2,33.00000,0.00000,667,4238"
"668,Banten,2020/03/21 00:00:00+00,43,4,1,0,2,1,40,5.00000,2.00000,668,4239"
"669,Kepulauan Bangka Belitung,2020/03/21 00:00:00+00,0,0,0,0,0,0,0,#DIV/0!,#DIV/0!,669,4240"
"670,Bengkulu,2020/03/21 00:00:00+00,0,0,0,0,0,0,0,#DIV/0!,#DIV/0!,670,4241"
"671,Daerah Istimewa Yogyakarta,2020/03/21 00:00:00+00,5,1,1,1,0,0,4,0.00000,20.00000,671,4242"
"672,DKI Jakarta,2020/03/21 00:00:00+00,267,44,17,3,23,5,227,9.00000,6.00000,672,4243"
"673,Jambi,2020/03/21 00:00:00+00,0,0,0,0,0,0,0,#DIV/0!,#DIV/0!,673,4244"
"674,Jawa Barat,2020/03/21 00:00:00+00,55,14,1,0,7,0,47,13.00000,2.00000,674,4245"
"675,Jawa Tengah,2020/03/21 00:00:00+00,14,2,0,0,3,0,11,21.00000,0.00000,675,4246"
"676,Jawa Timur,2020/03/21 00:00:00+00,26,11,0,0,1,0,25,4.00000,0.00000,676,4247"
"677,Kalimantan Barat,2020/03/21 00:00:00+00,2,0,0,0,0,0,2,0.00000,0.00000,677,4248"
"678,Kalimantan Timur,2020/03/21 00:00:00+00,9,0,0,0,0,0,9,0.00000,0.00000,678,4249"
"679,Kalimantan Tengah,2020/03/21 00:00:00+00,2,0,0,0,0,0,2,0.00000,0.00000,679,4250"
"680,Kalimantan Selatan,2020/03/21 00:00:00+00,0,0,0,0,0,0,0,#DIV/0!,#DIV/0!,680,4251"
"681,Kalimantan Utara,2020/03/21 00:00:00+00,0,0,0,0,0,0,0,#DIV/0!,#DIV/0!,681,4252"
"682,Kepulauan Riau,2020/03/21 00:00:00+00,4,0,0,0,0,0,4,0.00000,0.00000,682,4253"
"683,Nusa Tenggara Barat,2020/03/21 00:00:00+00,0,0,0,0,0,0,0,#DIV/0!,#DIV/0!,683,4254"
"684,Sumatera Selatan,2020/03/21 00:00:00+00,0,0,0,0,0,0,0,#DIV/0!,#DIV/0!,684,4255"
"685,Sumatera Barat,2020/03/21 00:00:00+00,0,0,0,0,0,0,0,#DIV/0!,#DIV/0!,685,4256"
"686,Sulawesi Utara,2020/03/21 00:00:00+00,1,0,0,0,0,0,1,0.00000,0.00000,686,4257"
"687,Sumatera Utara,2020/03/21 00:00:00+00,2,0,0,0,1,0,1,50.00000,0.00000,687,4258"
"688,Sulawesi Tenggara,2020/03/21 00:00:00+00,3,0,0,0,0,0,3,0.00000,0.00000,688,4259"
"689,Sulawesi Selatan,2020/03/21 00:00:00+00,2,2,0,0,0,0,2,0.00000,0.00000,689,4260"
"690,Sulawesi Tengah,2020/03/21 00:00:00+00,0,0,0,0,0,0,0,#DIV/0!,#DIV/0!,690,4261"
"691,Lampung,2020/03/21 00:00:00+00,1,0,0,0,0,0,1,0.00000,0.00000,691,4262"
"692,Riau,2020/03/21 00:00:00+00,1,0,0,0,0,0,1,0.00000,0.00000,692,4263"
"693,Maluku Utara,2020/03/21 00:00:00+00,0,0,0,0,0,0,0,#DIV/0!,#DIV/0!,693,4264"
"694,Maluku,2020/03/21 00:00:00+00,0,0,0,0,0,0,0,#DIV/0!,#DIV/0!,694,4265"
"695,Papua Barat,2020/03/21 00:00:00+00,0,0,0,0,0,0,0,#DIV/0!,#DIV/0!,695,4266"
"696,Papua,2020/03/21 00:00:00+00,0,0,0,0,0,0,0,#DIV/0!,#DIV/0!,696,4267"
"697,Sulawesi Barat,2020/03/21 00:00:00+00,0,0,0,0,0,0,0,#DIV/0!,#DIV/0!,697,4268"
"698,Nusa Tenggara Timur,2020/03/21 00:00:00+00,0,0,0,0,0,0,0,#DIV/0!,#DIV/0!,698,4269"
"699,Gorontalo,2020/03/21 00:00:00+00,0,0,0,0,0,0,0,#DIV/0!,#DIV/0!,699,4270"
"700,Indonesia,2020/03/21 00:00:00+00,10,3,0,0,0,0,10,0.00000,0.00000,700,4271"
"701,Aceh,2020/03/22 00:00:00+00,0,0,0,0,0,0,0,#DIV/0!,#DIV/0!,701,4272"
"702,Bali,2020/03/22 00:00:00+00,3,0,0,0,2,1,1,67.00000,0.00000,702,4273"
"703,Banten,2020/03/22 00:00:00+00,47,0,1,0,3,1,43,6.00000,2.00000,703,4274"
"704,Kepulauan Bangka Belitung,2020/03/22 00:00:00+00,0,0,0,0,0,0,0,#DIV/0!,#DIV/0!,704,4275"
"705,Bengkulu,2020/03/22 00:00:00+00,0,0,0,0,0,0,0,#DIV/0!,#DIV/0!,705,4276"
"706,Daerah Istimewa Yogyakarta,2020/03/22 00:00:00+00,5,0,1,0,0,0,4,0.00000,20.00000,706,4277"
"707,DKI Jakarta,2020/03/22 00:00:00+00,307,40,22,5,29,6,256,9.00000,7.00000,707,4278"
"708,Jambi,2020/03/22 00:00:00+00,0,0,0,0,0,0,0,#DIV/0!,#DIV/0!,708,4279"
"709,Jawa Barat,2020/03/22 00:00:00+00,59,4,5,4,9,2,45,15.00000,8.00000,709,4280"
"710,Jawa Tengah,2020/03/22 00:00:00+00,15,1,0,0,3,0,12,20.00000,0.00000,710,4281"
"711,Jawa Timur,2020/03/22 00:00:00+00,41,15,0,0,1,0,40,2.00000,0.00000,711,4282"
"712,Kalimantan Barat,2020/03/22 00:00:00+00,2,0,0,0,0,0,2,0.00000,0.00000,712,4283"
"713,Kalimantan Timur,2020/03/22 00:00:00+00,9,0,0,0,0,0,9,0.00000,0.00000,713,4284"
"714,Kalimantan Tengah,2020/03/22 00:00:00+00,2,0,0,0,0,0,2,0.00000,0.00000,714,4285"
"715,Kalimantan Selatan,2020/03/22 00:00:00+00,1,1,0,0,0,0,1,0.00000,0.00000,715,4286"
"716,Kalimantan Utara,2020/03/22 00:00:00+00,0,0,0,0,0,0,0,#DIV/0!,#DIV/0!,716,4287"
"717,Kepulauan Riau,2020/03/22 00:00:00+00,4,0,0,0,0,0,4,0.00000,0.00000,717,4288"
"718,Nusa Tenggara Barat,2020/03/22 00:00:00+00,0,0,0,0,0,0,0,#DIV/0!,#DIV/0!,718,4289"
"719,Sumatera Selatan,2020/03/22 00:00:00+00,0,0,0,0,0,0,0,#DIV/0!,#DIV/0!,719,4290"
"720,Sumatera Barat,2020/03/22 00:00:00+00,0,0,0,0,0,0,0,#DIV/0!,#DIV/0!,720,4291"
"721,Sulawesi Utara,2020/03/22 00:00:00+00,1,0,0,0,0,0,1,0.00000,0.00000,721,4292"
"722,Sumatera Utara,2020/03/22 00:00:00+00,2,0,0,0,1,0,1,50.00000,0.00000,722,4293"
"723,Sulawesi Tenggara,2020/03/22 00:00:00+00,3,0,0,0,0,0,3,0.00000,0.00000,723,4294"
"724,Sulawesi Selatan,2020/03/22 00:00:00+00,2,0,0,0,0,0,2,0.00000,0.00000,724,4295"
"725,Sulawesi Tengah,2020/03/22 00:00:00+00,0,0,0,0,0,0,0,#DIV/0!,#DIV/0!,725,4296"
"726,Lampung,2020/03/22 00:00:00+00,1,0,0,0,0,0,1,0.00000,0.00000,726,4297"
"727,Riau,2020/03/22 00:00:00+00,1,0,0,0,0,0,1,0.00000,0.00000,727,4298"
"728,Maluku Utara,2020/03/22 00:00:00+00,0,0,0,0,0,0,0,#DIV/0!,#DIV/0!,728,4299"
"729,Maluku,2020/03/22 00:00:00+00,1,1,0,0,0,0,1,0.00000,0.00000,729,4300"
"730,Papua Barat,2020/03/22 00:00:00+00,0,0,0,0,0,0,0,#DIV/0!,#DIV/0!,730,4301"
"731,Papua,2020/03/22 00:00:00+00,2,2,0,0,0,0,2,0.00000,0.00000,731,4302"
"732,Sulawesi Barat,2020/03/22 00:00:00+00,0,0,0,0,0,0,0,#DIV/0!,#DIV/0!,732,4303"
"733,Nusa Tenggara Timur,2020/03/22 00:00:00+00,0,0,0,0,0,0,0,#DIV/0!,#DIV/0!,733,4304"
"734,Gorontalo,2020/03/22 00:00:00+00,0,0,0,0,0,0,0,#DIV/0!,#DIV/0!,734,4305"
"735,Indonesia,2020/03/22 00:00:00+00,6,0,0,0,0,0,6,0.00000,0.00000,735,4306"
"736,Aceh,2020/03/23 00:00:00+00,0,0,0,0,0,0,0,#DIV/0!,#DIV/0!,736,4307"
"737,Bali,2020/03/23 00:00:00+00,6,3,0,0,2,0,4,33.00000,0.00000,737,4308"
"738,Banten,2020/03/23 00:00:00+00,56,9,1,0,3,0,52,5.00000,2.00000,738,4309"
"739,Kepulauan Bangka Belitung,2020/03/23 00:00:00+00,0,0,0,0,0,0,0,#DIV/0!,#DIV/0!,739,4310"
"740,Bengkulu,2020/03/23 00:00:00+00,0,0,0,0,0,0,0,#DIV/0!,#DIV/0!,740,4311"
"741,Daerah Istimewa Yogyakarta,2020/03/23 00:00:00+00,5,0,1,0,0,0,4,0.00000,20.00000,741,4312"
"742,DKI Jakarta,2020/03/23 00:00:00+00,353,44,23,1,29,0,301,8.00000,7.00000,742,4313"
"743,Jambi,2020/03/23 00:00:00+00,1,1,0,0,0,0,1,0.00000,0.00000,743,4314"
"744,Jawa Barat,2020/03/23 00:00:00+00,59,0,5,0,9,0,45,15.00000,8.00000,744,4315"
"745,Jawa Tengah,2020/03/23 00:00:00+00,15,0,0,0,3,0,12,20.00000,0.00000,745,4316"
"746,Jawa Timur,2020/03/23 00:00:00+00,41,0,0,0,1,0,40,2.00000,0.00000,746,4317"
"747,Kalimantan Barat,2020/03/23 00:00:00+00,2,0,0,0,0,0,2,0.00000,0.00000,747,4318"
"748,Kalimantan Timur,2020/03/23 00:00:00+00,11,2,0,0,0,0,11,0.00000,0.00000,748,4319"
"749,Kalimantan Tengah,2020/03/23 00:00:00+00,2,0,0,0,0,0,2,0.00000,0.00000,749,4320"
"750,Kalimantan Selatan,2020/03/23 00:00:00+00,1,0,0,0,0,0,1,0.00000,0.00000,750,4321"
"751,Kalimantan Utara,2020/03/23 00:00:00+00,0,0,0,0,0,0,0,#DIV/0!,#DIV/0!,751,4322"
"752,Kepulauan Riau,2020/03/23 00:00:00+00,5,1,0,0,0,0,5,0.00000,0.00000,752,4323"
"753,Nusa Tenggara Barat,2020/03/23 00:00:00+00,0,0,0,0,0,0,0,#DIV/0!,#DIV/0!,753,4324"
"754,Sumatera Selatan,2020/03/23 00:00:00+00,0,0,0,0,0,0,0,#DIV/0!,#DIV/0!,754,4325"
"755,Sumatera Barat,2020/03/23 00:00:00+00,0,0,0,0,0,0,0,#DIV/0!,#DIV/0!,755,4326"
"756,Sulawesi Utara,2020/03/23 00:00:00+00,1,0,0,0,0,0,1,0.00000,0.00000,756,4327"
"757,Sumatera Utara,2020/03/23 00:00:00+00,2,0,0,0,1,0,1,50.00000,0.00000,757,4328"
"758,Sulawesi Tenggara,2020/03/23 00:00:00+00,3,0,0,0,0,0,3,0.00000,0.00000,758,4329"
"759,Sulawesi Selatan,2020/03/23 00:00:00+00,2,0,0,0,1,1,1,50.00000,0.00000,759,4330"
"760,Sulawesi Tengah,2020/03/23 00:00:00+00,0,0,0,0,0,0,0,#DIV/0!,#DIV/0!,760,4331"
"761,Lampung,2020/03/23 00:00:00+00,1,0,0,0,0,0,1,0.00000,0.00000,761,4332"
"762,Riau,2020/03/23 00:00:00+00,1,0,0,0,0,0,1,0.00000,0.00000,762,4333"
"763,Maluku Utara,2020/03/23 00:00:00+00,1,1,0,0,0,0,1,0.00000,0.00000,763,4334"
"764,Maluku,2020/03/23 00:00:00+00,1,0,0,0,0,0,1,0.00000,0.00000,764,4335"
"765,Papua Barat,2020/03/23 00:00:00+00,0,0,0,0,0,0,0,#DIV/0!,#DIV/0!,765,4336"
"766,Papua,2020/03/23 00:00:00+00,2,0,0,0,0,0,2,0.00000,0.00000,766,4337"
"767,Sulawesi Barat,2020/03/23 00:00:00+00,0,0,0,0,0,0,0,#DIV/0!,#DIV/0!,767,4338"
"768,Nusa Tenggara Timur,2020/03/23 00:00:00+00,0,0,0,0,0,0,0,#DIV/0!,#DIV/0!,768,4339"
"769,Gorontalo,2020/03/23 00:00:00+00,0,0,0,0,0,0,0,#DIV/0!,#DIV/0!,769,4340"
"770,Indonesia,2020/03/23 00:00:00+00,8,4,0,0,0,0,8,0.00000,0.00000,770,4341"
"771,Aceh,2020/03/24 00:00:00+00,0,0,0,0,0,0,0,#DIV/0!,#DIV/0!,771,4342"
"772,Bali,2020/03/24 00:00:00+00,6,0,0,0,2,0,4,33.00000,0.00000,772,4343"
"773,Banten,2020/03/24 00:00:00+00,65,9,1,0,4,1,60,6.00000,2.00000,773,4344"
"774,Kepulauan Bangka Belitung,2020/03/24 00:00:00+00,0,0,0,0,0,0,0,#DIV/0!,#DIV/0!,774,4345"
"775,Bengkulu,2020/03/24 00:00:00+00,0,0,0,0,0,0,0,#DIV/0!,#DIV/0!,775,4346"
"776,Daerah Istimewa Yogyakarta,2020/03/24 00:00:00+00,6,1,1,0,1,1,4,17.00000,17.00000,776,4347"
"777,DKI Jakarta,2020/03/24 00:00:00+00,424,70,23,0,31,2,370,7.00000,5.00000,777,4348"
"778,Jambi,2020/03/24 00:00:00+00,1,0,0,0,0,0,1,0.00000,0.00000,778,4349"
"779,Jawa Barat,2020/03/24 00:00:00+00,60,1,5,0,10,1,45,17.00000,8.00000,779,4350"
"780,Jawa Tengah,2020/03/24 00:00:00+00,19,4,0,0,3,0,16,16.00000,0.00000,780,4351"
"781,Jawa Timur,2020/03/24 00:00:00+00,51,10,0,0,1,0,50,2.00000,0.00000,781,4352"
"782,Kalimantan Barat,2020/03/24 00:00:00+00,3,1,0,0,0,0,3,0.00000,0.00000,782,4353"
"783,Kalimantan Timur,2020/03/24 00:00:00+00,11,0,0,0,0,0,11,0.00000,0.00000,783,4354"
"784,Kalimantan Tengah,2020/03/24 00:00:00+00,3,1,0,0,0,0,3,0.00000,0.00000,784,4355"
"785,Kalimantan Selatan,2020/03/24 00:00:00+00,1,0,0,0,0,0,1,0.00000,0.00000,785,4356"
"786,Kalimantan Utara,2020/03/24 00:00:00+00,0,0,0,0,0,0,0,#DIV/0!,#DIV/0!,786,4357"
"787,Kepulauan Riau,2020/03/24 00:00:00+00,5,0,0,0,1,1,4,20.00000,0.00000,787,4358"
"788,Nusa Tenggara Barat,2020/03/24 00:00:00+00,1,1,0,0,0,0,1,0.00000,0.00000,788,4359"
"789,Sumatera Selatan,2020/03/24 00:00:00+00,1,1,0,0,0,0,1,0.00000,0.00000,789,4360"
"790,Sumatera Barat,2020/03/24 00:00:00+00,0,0,0,0,0,0,0,#DIV/0!,#DIV/0!,790,4361"
"791,Sulawesi Utara,2020/03/24 00:00:00+00,2,1,0,0,0,0,2,0.00000,0.00000,791,4362"
"792,Sumatera Utara,2020/03/24 00:00:00+00,7,5,0,0,1,0,6,14.00000,0.00000,792,4363"
"793,Sulawesi Tenggara,2020/03/24 00:00:00+00,3,0,0,0,0,0,3,0.00000,0.00000,793,4364"
"794,Sulawesi Selatan,2020/03/24 00:00:00+00,4,0,0,0,1,1,3,25.00000,0.00000,794,4365"
"795,Sulawesi Tengah,2020/03/24 00:00:00+00,0,0,0,0,0,0,0,#DIV/0!,#DIV/0!,795,4366"
"796,Lampung,2020/03/24 00:00:00+00,1,0,0,0,0,0,1,0.00000,0.00000,796,4367"
"797,Riau,2020/03/24 00:00:00+00,2,1,0,0,0,0,2,0.00000,0.00000,797,4368"
"798,Maluku Utara,2020/03/24 00:00:00+00,1,0,0,0,0,0,1,0.00000,0.00000,798,4369"
"799,Maluku,2020/03/24 00:00:00+00,1,0,0,0,0,0,1,0.00000,0.00000,799,4370"
"800,Papua Barat,2020/03/24 00:00:00+00,0,0,0,0,0,0,0,#DIV/0!,#DIV/0!,800,4371"
"801,Papua,2020/03/24 00:00:00+00,3,1,0,0,0,0,3,0.00000,0.00000,801,4372"
"802,Sulawesi Barat,2020/03/24 00:00:00+00,0,0,0,0,0,0,0,#DIV/0!,#DIV/0!,802,4373"
"803,Nusa Tenggara Timur,2020/03/24 00:00:00+00,0,0,0,0,0,0,0,#DIV/0!,#DIV/0!,803,4374"
"804,Gorontalo,2020/03/24 00:00:00+00,0,0,0,0,0,0,0,#DIV/0!,#DIV/0!,804,4375"
"805,Indonesia,2020/03/24 00:00:00+00,5,0,0,0,0,0,5,0.00000,0.00000,805,4376"
"806,Aceh,2020/03/25 00:00:00+00,0,0,0,0,0,0,0,#DIV/0!,#DIV/0!,806,4377"
"807,Bali,2020/03/25 00:00:00+00,9,3,0,0,2,0,7,22.00000,0.00000,807,4378"
"808,Banten,2020/03/25 00:00:00+00,67,2,1,0,4,0,62,6.00000,1.00000,808,4379"
"809,Kepulauan Bangka Belitung,2020/03/25 00:00:00+00,0,0,0,0,0,0,0,#DIV/0!,#DIV/0!,809,4380"
"810,Bengkulu,2020/03/25 00:00:00+00,0,0,0,0,0,0,0,#DIV/0!,#DIV/0!,810,4381"
"811,Daerah Istimewa Yogyakarta,2020/03/25 00:00:00+00,17,11,1,0,2,1,14,12.00000,6.00000,811,4382"
"812,DKI Jakarta,2020/03/25 00:00:00+00,463,39,23,0,31,0,409,7.00000,5.00000,812,4383"
"813,Jambi,2020/03/25 00:00:00+00,1,0,0,0,0,0,1,0.00000,0.00000,813,4384"
"814,Jawa Barat,2020/03/25 00:00:00+00,73,13,5,0,10,0,58,14.00000,7.00000,814,4385"
"815,Jawa Tengah,2020/03/25 00:00:00+00,38,19,0,0,4,1,34,11.00000,0.00000,815,4386"
"816,Jawa Timur,2020/03/25 00:00:00+00,51,0,1,1,1,0,49,2.00000,2.00000,816,4387"
"817,Kalimantan Barat,2020/03/25 00:00:00+00,3,0,0,0,0,0,3,0.00000,0.00000,817,4388"
"818,Kalimantan Timur,2020/03/25 00:00:00+00,11,0,0,0,0,0,11,0.00000,0.00000,818,4389"
"819,Kalimantan Tengah,2020/03/25 00:00:00+00,3,0,0,0,0,0,3,0.00000,0.00000,819,4390"
"820,Kalimantan Selatan,2020/03/25 00:00:00+00,2,1,0,0,0,0,2,0.00000,0.00000,820,4391"
"821,Kalimantan Utara,2020/03/25 00:00:00+00,0,0,0,0,0,0,0,#DIV/0!,#DIV/0!,821,4392"
"822,Kepulauan Riau,2020/03/25 00:00:00+00,5,0,0,0,1,0,4,20.00000,0.00000,822,4393"
"823,Nusa Tenggara Barat,2020/03/25 00:00:00+00,2,1,0,0,0,0,2,0.00000,0.00000,823,4394"
"824,Sumatera Selatan,2020/03/25 00:00:00+00,1,0,0,0,1,1,0,100.00000,0.00000,824,4395"
"825,Sumatera Barat,2020/03/25 00:00:00+00,0,0,0,0,0,0,0,#DIV/0!,#DIV/0!,825,4396"
"826,Sulawesi Utara,2020/03/25 00:00:00+00,2,0,0,0,0,0,2,0.00000,0.00000,826,4397"
"827,Sumatera Utara,2020/03/25 00:00:00+00,7,0,0,0,1,0,6,14.00000,0.00000,827,4398"
"828,Sulawesi Tenggara,2020/03/25 00:00:00+00,3,0,0,0,0,0,3,0.00000,0.00000,828,4399"
"829,Sulawesi Selatan,2020/03/25 00:00:00+00,13,9,0,0,1,0,12,8.00000,0.00000,829,4400"
"830,Sulawesi Tengah,2020/03/25 00:00:00+00,0,0,0,0,0,0,0,#DIV/0!,#DIV/0!,830,4401"
"831,Lampung,2020/03/25 00:00:00+00,1,0,0,0,0,0,1,0.00000,0.00000,831,4402"
"832,Riau,2020/03/25 00:00:00+00,1,0,0,0,0,0,1,0.00000,0.00000,832,4403"
"833,Maluku Utara,2020/03/25 00:00:00+00,1,0,0,0,0,0,1,0.00000,0.00000,833,4404"
"834,Maluku,2020/03/25 00:00:00+00,1,0,0,0,0,0,1,0.00000,0.00000,834,4405"
"835,Papua Barat,2020/03/25 00:00:00+00,0,0,0,0,0,0,0,#DIV/0!,#DIV/0!,835,4406"
"836,Papua,2020/03/25 00:00:00+00,3,0,0,0,0,0,3,0.00000,0.00000,836,4407"
"837,Sulawesi Barat,2020/03/25 00:00:00+00,0,0,0,0,0,0,0,#DIV/0!,#DIV/0!,837,4408"
"838,Nusa Tenggara Timur,2020/03/25 00:00:00+00,0,0,0,0,0,0,0,#DIV/0!,#DIV/0!,838,4409"
"839,Gorontalo,2020/03/25 00:00:00+00,0,0,0,0,0,0,0,#DIV/0!,#DIV/0!,839,4410"
"840,Indonesia,2020/03/25 00:00:00+00,12,7,0,0,0,0,12,0.00000,0.00000,840,4411"
"841,Aceh,2020/03/26 00:00:00+00,1,1,0,0,0,0,1,0.00000,0.00000,841,4412"
"842,Bali,2020/03/26 00:00:00+00,9,0,0,0,2,0,7,22.00000,0.00000,842,4413"
"843,Banten,2020/03/26 00:00:00+00,67,0,1,0,4,0,62,6.00000,1.00000,843,4414"
"844,Kepulauan Bangka Belitung,2020/03/26 00:00:00+00,0,0,0,0,0,0,0,#DIV/0!,#DIV/0!,844,4415"
"845,Bengkulu,2020/03/26 00:00:00+00,0,0,0,0,0,0,0,#DIV/0!,#DIV/0!,845,4416"
"846,Daerah Istimewa Yogyakarta,2020/03/26 00:00:00+00,16,0,1,0,2,0,13,13.00000,6.00000,846,4417"
"847,DKI Jakarta,2020/03/26 00:00:00+00,515,53,25,2,46,15,444,9.00000,5.00000,847,4418"
"848,Jambi,2020/03/26 00:00:00+00,1,0,0,0,0,0,1,0.00000,0.00000,848,4419"
"849,Jawa Barat,2020/03/26 00:00:00+00,78,5,5,0,11,1,62,14.00000,6.00000,849,4420"
"850,Jawa Tengah,2020/03/26 00:00:00+00,40,2,0,0,6,2,34,15.00000,0.00000,850,4421"
"851,Jawa Timur,2020/03/26 00:00:00+00,59,8,3,2,3,2,53,5.00000,5.00000,851,4422"
"852,Kalimantan Barat,2020/03/26 00:00:00+00,3,0,0,0,0,0,3,0.00000,0.00000,852,4423"
"853,Kalimantan Timur,2020/03/26 00:00:00+00,11,0,0,0,0,0,11,0.00000,0.00000,853,4424"
"854,Kalimantan Tengah,2020/03/26 00:00:00+00,6,2,0,0,0,0,6,0.00000,0.00000,854,4425"
"855,Kalimantan Selatan,2020/03/26 00:00:00+00,1,0,0,0,0,0,1,0.00000,0.00000,855,4426"
"856,Kalimantan Utara,2020/03/26 00:00:00+00,0,0,0,0,0,0,0,#DIV/0!,#DIV/0!,856,4427"
"857,Kepulauan Riau,2020/03/26 00:00:00+00,5,0,0,0,1,0,4,20.00000,0.00000,857,4428"
"858,Nusa Tenggara Barat,2020/03/26 00:00:00+00,2,0,0,0,0,0,2,0.00000,0.00000,858,4429"
"859,Sumatera Selatan,2020/03/26 00:00:00+00,1,0,0,0,1,0,0,100.00000,0.00000,859,4430"
"860,Sumatera Barat,2020/03/26 00:00:00+00,3,3,0,0,0,0,3,0.00000,0.00000,860,4431"
"861,Sulawesi Utara,2020/03/26 00:00:00+00,2,0,0,0,0,0,2,0.00000,0.00000,861,4432"
"862,Sumatera Utara,2020/03/26 00:00:00+00,8,0,0,0,1,0,7,13.00000,0.00000,862,4433"
"863,Sulawesi Tenggara,2020/03/26 00:00:00+00,3,0,0,0,0,0,3,0.00000,0.00000,863,4434"
"864,Sulawesi Selatan,2020/03/26 00:00:00+00,27,14,0,0,1,0,26,4.00000,0.00000,864,4435"
"865,Sulawesi Tengah,2020/03/26 00:00:00+00,1,1,0,0,0,0,1,0.00000,0.00000,865,4436"
"866,Lampung,2020/03/26 00:00:00+00,3,2,0,0,0,0,3,0.00000,0.00000,866,4437"
"867,Riau,2020/03/26 00:00:00+00,2,1,0,0,0,0,2,0.00000,0.00000,867,4438"
"868,Maluku Utara,2020/03/26 00:00:00+00,1,0,0,0,0,0,1,0.00000,0.00000,868,4439"
"869,Maluku,2020/03/26 00:00:00+00,1,0,0,0,0,0,1,0.00000,0.00000,869,4440"
"870,Papua Barat,2020/03/26 00:00:00+00,0,0,0,0,0,0,0,#DIV/0!,#DIV/0!,870,4441"
"871,Papua,2020/03/26 00:00:00+00,7,4,0,0,0,0,7,0.00000,0.00000,871,4442"
"872,Sulawesi Barat,2020/03/26 00:00:00+00,0,0,0,0,0,0,0,#DIV/0!,#DIV/0!,872,4443"
"873,Nusa Tenggara Timur,2020/03/26 00:00:00+00,0,0,0,0,0,0,0,#DIV/0!,#DIV/0!,873,4444"
"874,Gorontalo,2020/03/26 00:00:00+00,0,0,0,0,0,0,0,#DIV/0!,#DIV/0!,874,4445"
"875,Indonesia,2020/03/26 00:00:00+00,20,7,0,0,0,0,20,0.00000,0.00000,875,4446"
"876,Aceh,2020/03/27 00:00:00+00,4,3,0,0,0,0,4,0.00000,0.00000,876,4447"
"877,Bali,2020/03/27 00:00:00+00,9,0,0,0,2,0,7,22.00000,0.00000,877,4448"
"878,Banten,2020/03/27 00:00:00+00,84,17,1,0,4,0,79,5.00000,1.00000,878,4449"
"879,Kepulauan Bangka Belitung,2020/03/27 00:00:00+00,0,0,0,0,0,0,0,#DIV/0!,#DIV/0!,879,4450"
"880,Bengkulu,2020/03/27 00:00:00+00,0,0,0,0,0,0,0,#DIV/0!,#DIV/0!,880,4451"
"881,Daerah Istimewa Yogyakarta,2020/03/27 00:00:00+00,22,6,1,0,2,0,19,9.00000,5.00000,881,4452"
"882,DKI Jakarta,2020/03/27 00:00:00+00,598,83,31,6,51,5,516,9.00000,5.00000,882,4453"
"883,Jambi,2020/03/27 00:00:00+00,1,0,0,0,0,0,1,0.00000,0.00000,883,4454"
"884,Jawa Barat,2020/03/27 00:00:00+00,98,20,5,0,14,3,79,14.00000,5.00000,884,4455"
"885,Jawa Tengah,2020/03/27 00:00:00+00,43,3,0,0,6,0,37,14.00000,0.00000,885,4456"
"886,Jawa Timur,2020/03/27 00:00:00+00,66,7,8,5,4,1,54,6.00000,12.00000,886,4457"
"887,Kalimantan Barat,2020/03/27 00:00:00+00,3,0,0,0,0,0,3,0.00000,0.00000,887,4458"
"888,Kalimantan Timur,2020/03/27 00:00:00+00,11,0,0,0,0,0,11,0.00000,0.00000,888,4459"
"889,Kalimantan Tengah,2020/03/27 00:00:00+00,6,0,0,0,0,0,6,0.00000,0.00000,889,4460"
"890,Kalimantan Selatan,2020/03/27 00:00:00+00,1,0,0,0,0,0,1,0.00000,0.00000,890,4461"
